2026-04-29 16:59:31 | INFO | Assets path configured: C:\Users\guilh\Documents\VoiceWriter\assets
2026-04-29 16:59:31 | INFO | Starting up TCP server on localhost:34098
2026-04-29 16:59:31 | INFO | Flet app has started...
2026-04-29 16:59:31 | INFO | App URL: tcp://localhost:34098
2026-04-29 16:59:31 | INFO | Starting Flet View app...
2026-04-29 16:59:31 | INFO | Looking for Flet executable at: C:\Users\guilh\Documents\VoiceWriter\.venv\Lib\site-packages\flet_desktop\app\flet\flet.exe
2026-04-29 16:59:31 | INFO | Flet View found in: C:\Users\guilh\Documents\VoiceWriter\.venv\Lib\site-packages\flet_desktop\app\flet\flet.exe
2026-04-29 16:59:32 | INFO | App session started
2026-04-29 16:59:32 | INFO | Manager: C:\Users\guilh\Documents\VoiceWriter\testes_folder
2026-04-29 16:59:42 | INFO | Carregando Whisper Model.
2026-04-29 16:59:43 | INFO | HTTP Request: GET https://huggingface.co/api/models/mobiuslabsgmbh/faster-whisper-large-v3-turbo/revision/main "HTTP/1.1 307 Temporary Redirect"
2026-04-29 16:59:43 | INFO | HTTP Request: GET https://huggingface.co/api/models/dropbox-dash/faster-whisper-large-v3-turbo/revision/main "HTTP/1.1 200 OK"
2026-04-29 16:59:48 | INFO | Adjusted for ambient noise. Listening...
2026-04-29 16:59:58 | INFO | Processing audio with duration 00:05.248
2026-04-29 16:59:59 | INFO | Recognizing speech: Mas agora ele demora bastante para ele conseguir começar o...
2026-04-29 16:59:59 | INFO | Finished recording! Transcription saved to: output.txt
2026-04-29 17:00:02 | INFO | Escuta interrompida com sucesso.
2026-04-29 17:00:15 | INFO | Whisper Model já carregado.
2026-04-29 17:00:16 | INFO | Adjusted for ambient noise. Listening...
2026-04-29 17:00:22 | INFO | Processing audio with duration 00:05.503
2026-04-29 17:00:23 | INFO | Recognizing speech: Mas na segunda vez ele não demora tanto.
2026-04-29 17:00:23 | INFO | Finished recording! Transcription saved to: output.txt
2026-04-29 17:00:28 | INFO | Processing audio with duration 00:04.110
2026-04-29 17:00:29 | INFO | Recognizing speech: Vou fazer o que ele chamasse.
2026-04-29 17:00:29 | INFO | Finished recording! Transcription saved to: output.txt
2026-04-29 17:00:31 | INFO | Escuta interrompida com sucesso.
2026-04-29 17:06:08 | INFO | Assets path configured: C:\Users\guilh\Documents\VoiceWriter\assets
2026-04-29 17:06:08 | INFO | Starting up TCP server on localhost:5000
2026-04-29 17:06:08 | INFO | Flet app has started...
2026-04-29 17:06:08 | INFO | App URL: tcp://localhost:5000
2026-04-29 17:06:08 | INFO | Starting Flet View app...
2026-04-29 17:06:08 | INFO | Looking for Flet executable at: C:\Users\guilh\Documents\VoiceWriter\.venv\Lib\site-packages\flet_desktop\app\flet\flet.exe
2026-04-29 17:06:08 | INFO | Flet View found in: C:\Users\guilh\Documents\VoiceWriter\.venv\Lib\site-packages\flet_desktop\app\flet\flet.exe
2026-04-29 17:06:08 | INFO | App session started
2026-04-29 17:06:08 | INFO | Manager: C:\Users\guilh\Documents\VoiceWriter\testes_folder
2026-04-29 17:06:12 | INFO | Carregando Whisper Model.
2026-04-29 17:06:12 | INFO | Carregando Whisper Model.
2026-04-29 17:06:13 | INFO | HTTP Request: GET https://huggingface.co/api/models/Systran/faster-whisper-small/revision/main "HTTP/1.1 200 OK"
2026-04-29 17:06:13 | INFO | HTTP Request: GET https://huggingface.co/api/models/mobiuslabsgmbh/faster-whisper-large-v3-turbo/revision/main "HTTP/1.1 307 Temporary Redirect"
2026-04-29 17:06:14 | INFO | HTTP Request: GET https://huggingface.co/api/models/dropbox-dash/faster-whisper-large-v3-turbo/revision/main "HTTP/1.1 200 OK"
2026-04-29 17:06:16 | INFO | Adjusted for ambient noise. Listening...
2026-04-29 17:06:17 | INFO | Pre-warm concluído.
2026-04-29 17:06:20 | INFO | Listen end: <speech_recognition.audio.AudioData object at 0x000001AF5F328830>
2026-04-29 17:06:20 | INFO | Processing audio with duration 00:03.297
2026-04-29 17:06:27 | INFO | Recognizing speech: tá...
2026-04-29 17:06:27 | INFO | Nenhum comando reconhecido nesta frase.
2026-04-29 17:06:35 | INFO | Assets path configured: C:\Users\guilh\Documents\VoiceWriter\assets
2026-04-29 17:06:35 | INFO | Starting up TCP server on localhost:11041
2026-04-29 17:06:35 | INFO | Flet app has started...
2026-04-29 17:06:35 | INFO | App URL: tcp://localhost:11041
2026-04-29 17:06:35 | INFO | Starting Flet View app...
2026-04-29 17:06:35 | INFO | Looking for Flet executable at: C:\Users\guilh\Documents\VoiceWriter\.venv\Lib\site-packages\flet_desktop\app\flet\flet.exe
2026-04-29 17:06:35 | INFO | Flet View found in: C:\Users\guilh\Documents\VoiceWriter\.venv\Lib\site-packages\flet_desktop\app\flet\flet.exe
2026-04-29 17:06:36 | INFO | App session started
2026-04-29 17:06:36 | INFO | Manager: C:\Users\guilh\Documents\VoiceWriter\testes_folder
2026-04-29 17:06:40 | INFO | Carregando Whisper Model.
2026-04-29 17:06:40 | INFO | Carregando Whisper Model.
2026-04-29 17:06:41 | INFO | HTTP Request: GET https://huggingface.co/api/models/mobiuslabsgmbh/faster-whisper-large-v3-turbo/revision/main "HTTP/1.1 307 Temporary Redirect"
2026-04-29 17:06:41 | INFO | HTTP Request: GET https://huggingface.co/api/models/dropbox-dash/faster-whisper-large-v3-turbo/revision/main "HTTP/1.1 200 OK"
2026-04-29 17:06:41 | INFO | HTTP Request: GET https://huggingface.co/api/models/mobiuslabsgmbh/faster-whisper-large-v3-turbo/revision/main "HTTP/1.1 307 Temporary Redirect"
2026-04-29 17:06:41 | INFO | HTTP Request: GET https://huggingface.co/api/models/dropbox-dash/faster-whisper-large-v3-turbo/revision/main "HTTP/1.1 200 OK"
2026-04-29 17:06:45 | INFO | Pre-warm concluído.
2026-04-29 17:06:46 | INFO | Adjusted for ambient noise. Listening...
2026-04-29 17:06:52 | INFO | Processing audio with duration 00:03.738
2026-04-29 17:06:53 | INFO | Recognizing speech: Ah, esse problema não sei se está fazendo tanto...
2026-04-29 17:06:53 | INFO | Finished recording! Transcription saved to: output.txt
2026-04-29 17:06:58 | INFO | Escuta interrompida com sucesso.
2026-04-29 17:10:27 | INFO | Assets path configured: C:\Users\guilh\Documents\VoiceWriter\assets
2026-04-29 17:10:27 | INFO | Starting up TCP server on localhost:30976
2026-04-29 17:10:27 | INFO | Flet app has started...
2026-04-29 17:10:27 | INFO | App URL: tcp://localhost:30976
2026-04-29 17:10:27 | INFO | Starting Flet View app...
2026-04-29 17:10:27 | INFO | Looking for Flet executable at: C:\Users\guilh\Documents\VoiceWriter\.venv\Lib\site-packages\flet_desktop\app\flet\flet.exe
2026-04-29 17:10:27 | INFO | Flet View found in: C:\Users\guilh\Documents\VoiceWriter\.venv\Lib\site-packages\flet_desktop\app\flet\flet.exe
2026-04-29 17:10:27 | INFO | App session started
2026-04-29 17:10:27 | INFO | Manager: C:\Users\guilh\Documents\VoiceWriter\testes_folder
2026-04-29 17:10:31 | INFO | Carregando Whisper Model.
2026-04-29 17:10:32 | INFO | HTTP Request: GET https://huggingface.co/api/models/mobiuslabsgmbh/faster-whisper-large-v3-turbo/revision/main "HTTP/1.1 307 Temporary Redirect"
2026-04-29 17:10:32 | INFO | HTTP Request: GET https://huggingface.co/api/models/dropbox-dash/faster-whisper-large-v3-turbo/revision/main "HTTP/1.1 200 OK"
2026-04-29 17:10:35 | INFO | Pre-warm concluído.
2026-04-29 17:14:45 | INFO | Assets path configured: C:\Users\guilh\Documents\VoiceWriter\assets
2026-04-29 17:14:45 | INFO | Starting up TCP server on localhost:49338
2026-04-29 17:14:45 | INFO | Flet app has started...
2026-04-29 17:14:45 | INFO | App URL: tcp://localhost:49338
2026-04-29 17:14:45 | INFO | Starting Flet View app...
2026-04-29 17:14:45 | INFO | Looking for Flet executable at: C:\Users\guilh\Documents\VoiceWriter\.venv\Lib\site-packages\flet_desktop\app\flet\flet.exe
2026-04-29 17:14:45 | INFO | Flet View found in: C:\Users\guilh\Documents\VoiceWriter\.venv\Lib\site-packages\flet_desktop\app\flet\flet.exe
2026-04-29 17:14:46 | INFO | App session started
2026-04-29 17:14:46 | INFO | Manager: C:\Users\guilh\Documents\VoiceWriter\testes_folder
2026-04-29 17:14:50 | INFO | Carregando Whisper Model.
2026-04-29 17:14:51 | INFO | HTTP Request: GET https://huggingface.co/api/models/mobiuslabsgmbh/faster-whisper-large-v3-turbo/revision/main "HTTP/1.1 307 Temporary Redirect"
2026-04-29 17:14:51 | INFO | HTTP Request: GET https://huggingface.co/api/models/dropbox-dash/faster-whisper-large-v3-turbo/revision/main "HTTP/1.1 200 OK"
2026-04-29 17:14:54 | INFO | Pre-warm concluído.
2026-04-29 17:15:08 | INFO | Whisper Model já carregado.
2026-04-29 17:15:09 | INFO | Adjusted for ambient noise. Listening...
2026-04-29 17:15:15 | INFO | Processing audio with duration 00:04.621
2026-04-29 17:15:16 | INFO | Recognizing speech: Tá, tá, tá, tá, tá, tá, tá. Tá, tá, tá.
2026-04-29 17:15:16 | INFO | Finished recording! Transcription saved to: output.txt
2026-04-29 17:15:21 | INFO | Processing audio with duration 00:05.248
2026-04-29 17:15:22 | INFO | Recognizing speech: Dá vergonha isso aí.
2026-04-29 17:15:22 | INFO | Finished recording! Transcription saved to: output.txt
2026-04-29 17:15:27 | INFO | Processing audio with duration 00:04.481
2026-04-29 17:15:28 | INFO | Recognizing speech: Mas bom, ele consegue reconhecer muito tempo de áudio.
2026-04-29 17:15:28 | INFO | Finished recording! Transcription saved to: output.txt
2026-04-29 17:15:33 | INFO | Processing audio with duration 00:05.132
2026-04-29 17:15:34 | INFO | Recognizing speech: Esses áudios em tempos menores de 5 segundos.
2026-04-29 17:15:34 | INFO | Finished recording! Transcription saved to: output.txt
2026-04-29 17:15:39 | INFO | Processing audio with duration 00:04.505
2026-04-29 17:15:40 | INFO | Recognizing speech: Vou tentar utilizar isso na aula e ver como ele funciona.
2026-04-29 17:15:40 | INFO | Finished recording! Transcription saved to: output.txt
2026-04-29 17:15:45 | INFO | Processing audio with duration 00:05.271
2026-04-29 17:15:46 | INFO | Recognizing speech: que alguém fale alguma coisa, né? Eu acho que isso vai ser muito...
2026-04-29 17:15:46 | INFO | Finished recording! Transcription saved to: output.txt
2026-04-29 17:15:50 | INFO | Escuta interrompida com sucesso.
2026-04-29 17:16:08 | INFO | Assets path configured: C:\Users\guilh\Documents\VoiceWriter\assets
2026-04-29 17:16:08 | INFO | Starting up TCP server on localhost:54152
2026-04-29 17:16:08 | INFO | Flet app has started...
2026-04-29 17:16:08 | INFO | App URL: tcp://localhost:54152
2026-04-29 17:16:08 | INFO | Starting Flet View app...
2026-04-29 17:16:08 | INFO | Looking for Flet executable at: C:\Users\guilh\Documents\VoiceWriter\.venv\Lib\site-packages\flet_desktop\app\flet\flet.exe
2026-04-29 17:16:08 | INFO | Flet View found in: C:\Users\guilh\Documents\VoiceWriter\.venv\Lib\site-packages\flet_desktop\app\flet\flet.exe
2026-04-29 17:16:09 | INFO | App session started
2026-04-29 17:16:09 | INFO | Manager: C:\Users\guilh\Documents\VoiceWriter\testes_folder
2026-04-29 17:16:13 | INFO | Carregando Whisper Model.
2026-04-29 17:16:14 | INFO | HTTP Request: GET https://huggingface.co/api/models/mobiuslabsgmbh/faster-whisper-large-v3-turbo/revision/main "HTTP/1.1 307 Temporary Redirect"
2026-04-29 17:16:14 | INFO | HTTP Request: GET https://huggingface.co/api/models/dropbox-dash/faster-whisper-large-v3-turbo/revision/main "HTTP/1.1 200 OK"
2026-04-29 17:16:17 | INFO | Pre-warm concluído.
2026-04-29 17:51:27 | INFO | Assets path configured: C:\Users\guilh\Documents\VoiceWriter\assets
2026-04-29 17:51:27 | INFO | Starting up TCP server on localhost:16423
2026-04-29 17:51:27 | INFO | Flet app has started...
2026-04-29 17:51:27 | INFO | App URL: tcp://localhost:16423
2026-04-29 17:51:27 | INFO | Starting Flet View app...
2026-04-29 17:51:27 | INFO | Looking for Flet executable at: C:\Users\guilh\Documents\VoiceWriter\.venv\Lib\site-packages\flet_desktop\app\flet\flet.exe
2026-04-29 17:51:27 | INFO | Flet View found in: C:\Users\guilh\Documents\VoiceWriter\.venv\Lib\site-packages\flet_desktop\app\flet\flet.exe
2026-04-29 17:51:28 | INFO | App session started
2026-04-29 17:51:28 | INFO | Manager: C:\Users\guilh\Documents\VoiceWriter\testes_folder
2026-04-29 17:51:32 | INFO | Carregando Whisper Model.
2026-04-29 17:51:33 | INFO | HTTP Request: GET https://huggingface.co/api/models/mobiuslabsgmbh/faster-whisper-large-v3-turbo/revision/main "HTTP/1.1 307 Temporary Redirect"
2026-04-29 17:51:33 | INFO | HTTP Request: GET https://huggingface.co/api/models/dropbox-dash/faster-whisper-large-v3-turbo/revision/main "HTTP/1.1 200 OK"
2026-04-29 17:51:36 | INFO | Pre-warm concluído.
2026-04-29 17:57:48 | INFO | Assets path configured: C:\Users\guilh\Documents\VoiceWriter\assets
2026-04-29 17:57:48 | INFO | Starting up TCP server on localhost:57583
2026-04-29 17:57:48 | INFO | Flet app has started...
2026-04-29 17:57:48 | INFO | App URL: tcp://localhost:57583
2026-04-29 17:57:48 | INFO | Starting Flet View app...
2026-04-29 17:57:48 | INFO | Looking for Flet executable at: C:\Users\guilh\Documents\VoiceWriter\.venv\Lib\site-packages\flet_desktop\app\flet\flet.exe
2026-04-29 17:57:48 | INFO | Flet View found in: C:\Users\guilh\Documents\VoiceWriter\.venv\Lib\site-packages\flet_desktop\app\flet\flet.exe
2026-04-29 17:57:49 | INFO | App session started
2026-04-29 17:57:49 | INFO | Manager: C:\Users\guilh\Documents\VoiceWriter\testes_folder
2026-04-29 17:57:53 | INFO | Carregando Whisper Model.
2026-04-29 17:57:53 | INFO | Carregando Whisper Model.
2026-04-29 17:57:54 | INFO | HTTP Request: GET https://huggingface.co/api/models/mobiuslabsgmbh/faster-whisper-large-v3-turbo/revision/main "HTTP/1.1 307 Temporary Redirect"
2026-04-29 17:57:54 | INFO | HTTP Request: GET https://huggingface.co/api/models/dropbox-dash/faster-whisper-large-v3-turbo/revision/main "HTTP/1.1 200 OK"
2026-04-29 17:57:55 | INFO | HTTP Request: GET https://huggingface.co/api/models/mobiuslabsgmbh/faster-whisper-large-v3-turbo/revision/main "HTTP/1.1 307 Temporary Redirect"
2026-04-29 17:57:55 | INFO | HTTP Request: GET https://huggingface.co/api/models/dropbox-dash/faster-whisper-large-v3-turbo/revision/main "HTTP/1.1 200 OK"
2026-04-29 17:57:58 | INFO | Pre-warm concluído.
2026-04-29 17:58:00 | INFO | Adjusted for ambient noise. Listening...
2026-04-29 17:58:05 | INFO | Processing audio with duration 00:05.062
2026-04-29 17:58:06 | INFO | Recognizing speech: tá tudo funcionando. Acho que ele nem entendeu nada do que eu falei até agora.
2026-04-29 17:58:06 | INFO | Finished recording! Transcription saved to: output.txt
2026-04-29 17:58:12 | INFO | Processing audio with duration 00:05.387
2026-04-29 17:58:13 | INFO | Recognizing speech: Precisa então ensinar o Tudu para fazer com que o entendimento seja mais fácil.
2026-04-29 17:58:13 | INFO | Finished recording! Transcription saved to: output.txt
2026-04-29 17:58:20 | INFO | Processing audio with duration 00:05.503
2026-04-29 17:58:20 | INFO | Recognizing speech: Vamos lá.
2026-04-29 17:58:20 | INFO | Finished recording! Transcription saved to: output.txt
2026-04-29 17:58:27 | INFO | Processing audio with duration 00:04.830
2026-04-29 17:58:27 | INFO | Recognizing speech: Então, vamos lá.
2026-04-29 17:58:27 | INFO | Finished recording! Transcription saved to: output.txt
2026-04-29 17:58:32 | INFO | Processing audio with duration 00:02.485
2026-04-29 17:58:33 | INFO | Recognizing speech: Tchau.
2026-04-29 17:58:33 | INFO | Finished recording! Transcription saved to: output.txt
2026-04-29 17:58:37 | INFO | Escuta interrompida com sucesso.
2026-04-29 17:58:38 | INFO | Arquivo salvo: C:\Users\guilh\Documents\VoiceWriter\testes_folder\Untitled 1.md
2026-06-15 23:13:43 | INFO | Assets path configured: C:\Users\guilh\Documents\VoiceWriter\assets
2026-06-15 23:13:43 | INFO | Starting up TCP server on localhost:60699
2026-06-15 23:13:43 | INFO | Flet app has started...
2026-06-15 23:13:43 | INFO | App URL: tcp://localhost:60699
2026-06-15 23:13:43 | INFO | Starting Flet View app...
2026-06-15 23:13:43 | INFO | Looking for Flet executable at: C:\Users\guilh\Documents\VoiceWriter\.venv\Lib\site-packages\flet_desktop\app\flet\flet.exe
2026-06-15 23:13:43 | INFO | Flet View found in: C:\Users\guilh\Documents\VoiceWriter\.venv\Lib\site-packages\flet_desktop\app\flet\flet.exe
2026-06-15 23:13:44 | INFO | App session started
2026-06-15 23:13:54 | INFO | Carregando Whisper Model.
2026-06-15 23:13:54 | INFO | Carregando Whisper Model.
2026-06-15 23:13:54 | WARNING | Nenhuma escuta ativa para interromper.
2026-06-15 23:13:55 | INFO | HTTP Request: GET https://huggingface.co/api/models/mobiuslabsgmbh/faster-whisper-large-v3-turbo/revision/main "HTTP/1.1 307 Temporary Redirect"
2026-06-15 23:13:55 | INFO | HTTP Request: GET https://huggingface.co/api/models/dropbox-dash/faster-whisper-large-v3-turbo/revision/main "HTTP/1.1 200 OK"
2026-06-15 23:13:55 | INFO | HTTP Request: GET https://huggingface.co/api/models/Systran/faster-whisper-small/revision/main "HTTP/1.1 200 OK"
2026-06-15 23:13:58 | INFO | Adjusted for ambient noise. Linstening...
2026-06-15 23:13:58 | INFO | Pre-warm concluído.
2026-06-15 23:14:02 | ERROR | Listenting timeout while waiting for a phrase to start
2026-06-15 22:17:56 | INFO | Assets path configured: C:\Users\guilh\Documents\VoiceWriter\assets
2026-06-15 22:17:56 | INFO | Starting up TCP server on localhost:11123
2026-06-15 22:17:56 | INFO | Flet app has started...
2026-06-15 22:17:56 | INFO | App URL: tcp://localhost:11123
2026-06-15 22:17:56 | INFO | Starting Flet View app...
2026-06-15 22:17:56 | INFO | Looking for Flet executable at: C:\Users\guilh\Documents\VoiceWriter\.venv\Lib\site-packages\flet_desktop\app\flet\flet.exe
2026-06-15 22:17:56 | INFO | Flet View found in: C:\Users\guilh\Documents\VoiceWriter\.venv\Lib\site-packages\flet_desktop\app\flet\flet.exe
2026-06-15 22:17:57 | INFO | App session started
2026-06-15 22:18:02 | INFO | Carregando Whisper Model.
2026-06-15 22:18:03 | INFO | HTTP Request: GET https://huggingface.co/api/models/mobiuslabsgmbh/faster-whisper-large-v3-turbo/revision/main "HTTP/1.1 307 Temporary Redirect"
2026-06-15 22:18:04 | INFO | HTTP Request: GET https://huggingface.co/api/models/dropbox-dash/faster-whisper-large-v3-turbo/revision/main "HTTP/1.1 200 OK"
2026-06-15 22:18:06 | INFO | Carregando Whisper Model.
2026-06-15 22:18:06 | INFO | HTTP Request: GET https://huggingface.co/api/models/Systran/faster-whisper-small/revision/main "HTTP/1.1 200 OK"
2026-06-15 22:18:08 | INFO | Pre-warm concluído.
2026-06-15 22:18:09 | INFO | Adjusted for ambient noise. Linstening...
2026-06-15 22:18:13 | INFO | Listen end: <speech_recognition.audio.AudioData object at 0x000001E9A4E37CB0>
2026-06-15 22:18:14 | INFO | Processing audio with duration 00:03.274
2026-06-15 22:18:14 | INFO | Recognizing speech: Ligar Aura, Alexa, ligar Aura.
2026-06-15 22:18:57 | INFO | Assets path configured: C:\Users\guilh\Documents\VoiceWriter\assets
2026-06-15 22:18:57 | INFO | Starting up TCP server on localhost:1686
2026-06-15 22:18:57 | INFO | Flet app has started...
2026-06-15 22:18:57 | INFO | App URL: tcp://localhost:1686
2026-06-15 22:18:57 | INFO | Starting Flet View app...
2026-06-15 22:18:57 | INFO | Looking for Flet executable at: C:\Users\guilh\Documents\VoiceWriter\.venv\Lib\site-packages\flet_desktop\app\flet\flet.exe
2026-06-15 22:18:57 | INFO | Flet View found in: C:\Users\guilh\Documents\VoiceWriter\.venv\Lib\site-packages\flet_desktop\app\flet\flet.exe
2026-06-15 22:18:57 | INFO | App session started
2026-06-15 22:19:01 | INFO | Carregando Whisper Model.
2026-06-15 22:19:01 | INFO | Carregando Whisper Model.
2026-06-15 22:19:02 | INFO | HTTP Request: GET https://huggingface.co/api/models/mobiuslabsgmbh/faster-whisper-large-v3-turbo/revision/main "HTTP/1.1 307 Temporary Redirect"
2026-06-15 22:19:03 | INFO | HTTP Request: GET https://huggingface.co/api/models/dropbox-dash/faster-whisper-large-v3-turbo/revision/main "HTTP/1.1 200 OK"
2026-06-15 22:19:03 | INFO | HTTP Request: GET https://huggingface.co/api/models/Systran/faster-whisper-small/revision/main "HTTP/1.1 200 OK"
2026-06-15 22:19:05 | INFO | Adjusted for ambient noise. Linstening...
2026-06-15 22:19:06 | INFO | Pre-warm concluído.
2026-06-15 22:19:09 | ERROR | Listenting timeout while waiting for a phrase to start
2026-06-15 22:19:14 | INFO | Whisper Model já carregado.
2026-06-15 22:19:15 | INFO | Adjusted for ambient noise. Linstening...
2026-06-15 22:19:19 | INFO | Listen end: <speech_recognition.audio.AudioData object at 0x000002B83165A7B0>
2026-06-15 22:19:19 | INFO | Processing audio with duration 00:02.670
2026-06-15 22:19:20 | INFO | Recognizing speech: Alex é ligar a hora.
2026-06-15 22:19:20 | INFO | Nenhum comando reconhecido nesta frase.
2026-06-15 22:19:24 | INFO | Whisper Model já carregado.
2026-06-15 22:19:25 | INFO | Adjusted for ambient noise. Linstening...
2026-06-15 22:19:29 | INFO | Listen end: <speech_recognition.audio.AudioData object at 0x000002B831966E90>
2026-06-15 22:19:29 | INFO | Processing audio with duration 00:02.833
2026-06-15 22:19:30 | INFO | Recognizing speech: alexa ligar aura
2026-06-15 22:20:00 | INFO | Assets path configured: C:\Users\guilh\Documents\VoiceWriter\assets
2026-06-15 22:20:00 | INFO | Starting up TCP server on localhost:48722
2026-06-15 22:20:00 | INFO | Flet app has started...
2026-06-15 22:20:00 | INFO | App URL: tcp://localhost:48722
2026-06-15 22:20:00 | INFO | Starting Flet View app...
2026-06-15 22:20:00 | INFO | Looking for Flet executable at: C:\Users\guilh\Documents\VoiceWriter\.venv\Lib\site-packages\flet_desktop\app\flet\flet.exe
2026-06-15 22:20:00 | INFO | Flet View found in: C:\Users\guilh\Documents\VoiceWriter\.venv\Lib\site-packages\flet_desktop\app\flet\flet.exe
2026-06-15 22:20:01 | INFO | App session started
2026-06-15 22:20:05 | INFO | Carregando Whisper Model.
2026-06-15 22:20:05 | INFO | Carregando Whisper Model.
2026-06-15 22:20:05 | WARNING | Nenhuma escuta ativa para interromper.
2026-06-15 22:20:06 | INFO | HTTP Request: GET https://huggingface.co/api/models/mobiuslabsgmbh/faster-whisper-large-v3-turbo/revision/main "HTTP/1.1 307 Temporary Redirect"
2026-06-15 22:20:06 | INFO | HTTP Request: GET https://huggingface.co/api/models/dropbox-dash/faster-whisper-large-v3-turbo/revision/main "HTTP/1.1 200 OK"
2026-06-15 22:20:06 | INFO | HTTP Request: GET https://huggingface.co/api/models/Systran/faster-whisper-small/revision/main "HTTP/1.1 200 OK"
2026-06-15 22:20:09 | INFO | Adjusted for ambient noise. Linstening...
2026-06-15 22:20:09 | INFO | Pre-warm concluído.
2026-06-15 22:20:15 | INFO | Listen end: <speech_recognition.audio.AudioData object at 0x000001B7B521E7B0>
2026-06-15 22:20:15 | INFO | Processing audio with duration 00:04.133
2026-06-15 22:20:16 | INFO | Recognizing speech: O que eu gosto de fazer? Eu gosto de fazer o que eu gosto de fazer?
2026-06-15 22:20:16 | INFO | Nenhum comando reconhecido nesta frase.
2026-06-15 22:20:18 | INFO | Whisper Model já carregado.
2026-06-15 22:20:34 | INFO | Assets path configured: C:\Users\guilh\Documents\VoiceWriter\assets
2026-06-15 22:20:34 | INFO | Starting up TCP server on localhost:35197
2026-06-15 22:20:34 | INFO | Flet app has started...
2026-06-15 22:20:34 | INFO | App URL: tcp://localhost:35197
2026-06-15 22:20:34 | INFO | Starting Flet View app...
2026-06-15 22:20:34 | INFO | Looking for Flet executable at: C:\Users\guilh\Documents\VoiceWriter\.venv\Lib\site-packages\flet_desktop\app\flet\flet.exe
2026-06-15 22:20:34 | INFO | Flet View found in: C:\Users\guilh\Documents\VoiceWriter\.venv\Lib\site-packages\flet_desktop\app\flet\flet.exe
2026-06-15 22:20:35 | INFO | App session started
2026-06-15 22:20:39 | INFO | Carregando Whisper Model.
2026-06-15 22:20:39 | INFO | Carregando Whisper Model.
2026-06-15 22:20:40 | INFO | HTTP Request: GET https://huggingface.co/api/models/mobiuslabsgmbh/faster-whisper-large-v3-turbo/revision/main "HTTP/1.1 307 Temporary Redirect"
2026-06-15 22:20:40 | INFO | HTTP Request: GET https://huggingface.co/api/models/dropbox-dash/faster-whisper-large-v3-turbo/revision/main "HTTP/1.1 200 OK"
2026-06-15 22:20:40 | INFO | HTTP Request: GET https://huggingface.co/api/models/Systran/faster-whisper-small/revision/main "HTTP/1.1 200 OK"
2026-06-15 22:20:43 | INFO | Pre-warm concluído.
2026-06-15 22:20:44 | INFO | Adjusted for ambient noise. Linstening...
2026-06-15 22:20:48 | ERROR | Listenting timeout while waiting for a phrase to start
2026-06-15 22:20:51 | INFO | Whisper Model já carregado.
2026-06-15 22:20:52 | INFO | Adjusted for ambient noise. Linstening...
2026-06-15 22:20:57 | INFO | Listen end: <speech_recognition.audio.AudioData object at 0x0000021B002D6CF0>
2026-06-15 22:20:57 | INFO | Processing audio with duration 00:03.854
2026-06-15 22:20:58 | INFO | Recognizing speech: Alexa, ligar a hora.
2026-06-15 22:22:53 | INFO | Assets path configured: C:\Users\guilh\Documents\VoiceWriter\assets
2026-06-15 22:22:53 | INFO | Starting up TCP server on localhost:61308
2026-06-15 22:22:53 | INFO | Flet app has started...
2026-06-15 22:22:53 | INFO | App URL: tcp://localhost:61308
2026-06-15 22:22:53 | INFO | Starting Flet View app...
2026-06-15 22:22:53 | INFO | Looking for Flet executable at: C:\Users\guilh\Documents\VoiceWriter\.venv\Lib\site-packages\flet_desktop\app\flet\flet.exe
2026-06-15 22:22:53 | INFO | Flet View found in: C:\Users\guilh\Documents\VoiceWriter\.venv\Lib\site-packages\flet_desktop\app\flet\flet.exe
2026-06-15 22:22:54 | INFO | App session started
2026-06-15 22:22:59 | INFO | Carregando Whisper Model.
2026-06-15 22:23:00 | INFO | HTTP Request: GET https://huggingface.co/api/models/mobiuslabsgmbh/faster-whisper-large-v3-turbo/revision/main "HTTP/1.1 307 Temporary Redirect"
2026-06-15 22:23:00 | INFO | HTTP Request: GET https://huggingface.co/api/models/dropbox-dash/faster-whisper-large-v3-turbo/revision/main "HTTP/1.1 200 OK"
2026-06-15 22:23:05 | INFO | Pre-warm concluído.
2026-06-15 22:23:06 | INFO | Whisper Model já carregado.
2026-06-15 22:23:08 | INFO | Adjusted for ambient noise. Linstening...
2026-06-15 22:23:12 | INFO | Listen end: <speech_recognition.audio.AudioData object at 0x00000165B8096120>
2026-06-15 22:23:12 | INFO | Processing audio with duration 00:03.646
2026-06-15 22:23:13 | INFO | Recognizing speech: Alexa, ligar a hora.
2026-06-15 22:43:19 | INFO | Assets path configured: C:\Users\guilh\Documents\VoiceWriter\assets
2026-06-15 22:43:19 | INFO | Starting up TCP server on localhost:25385
2026-06-15 22:43:19 | INFO | Flet app has started...
2026-06-15 22:43:19 | INFO | App URL: tcp://localhost:25385
2026-06-15 22:43:19 | INFO | Starting Flet View app...
2026-06-15 22:43:19 | INFO | Looking for Flet executable at: C:\Users\guilh\Documents\VoiceWriter\.venv\Lib\site-packages\flet_desktop\app\flet\flet.exe
2026-06-15 22:43:19 | INFO | Flet View found in: C:\Users\guilh\Documents\VoiceWriter\.venv\Lib\site-packages\flet_desktop\app\flet\flet.exe
2026-06-15 22:43:19 | INFO | App session started
2026-06-15 22:43:24 | INFO | Carregando Whisper Model: turbo.
2026-06-15 22:43:24 | INFO | Carregando Whisper Model: small.
2026-06-15 22:43:25 | INFO | HTTP Request: GET https://huggingface.co/api/models/mobiuslabsgmbh/faster-whisper-large-v3-turbo/revision/main "HTTP/1.1 307 Temporary Redirect"
2026-06-15 22:43:25 | INFO | HTTP Request: GET https://huggingface.co/api/models/dropbox-dash/faster-whisper-large-v3-turbo/revision/main "HTTP/1.1 200 OK"
2026-06-15 22:43:25 | INFO | HTTP Request: GET https://huggingface.co/api/models/Systran/faster-whisper-small/revision/main "HTTP/1.1 200 OK"
2026-06-15 22:43:28 | INFO | Adjusted for ambient noise. Linstening...
2026-06-15 22:43:29 | INFO | Pre-warm concluído.
2026-06-15 22:43:34 | INFO | Listen end: <speech_recognition.audio.AudioData object at 0x000001AD2673E7B0>
2026-06-15 22:43:34 | INFO | Processing audio with duration 00:01.811
2026-06-15 22:43:35 | INFO | Recognizing speech: ah
2026-06-15 22:43:35 | INFO | Nenhum comando reconhecido nesta frase.
2026-06-15 22:44:18 | INFO | Assets path configured: C:\Users\guilh\Documents\VoiceWriter\assets
2026-06-15 22:44:18 | INFO | Starting up TCP server on localhost:9163
2026-06-15 22:44:18 | INFO | Flet app has started...
2026-06-15 22:44:18 | INFO | App URL: tcp://localhost:9163
2026-06-15 22:44:18 | INFO | Starting Flet View app...
2026-06-15 22:44:18 | INFO | Looking for Flet executable at: C:\Users\guilh\Documents\VoiceWriter\.venv\Lib\site-packages\flet_desktop\app\flet\flet.exe
2026-06-15 22:44:18 | INFO | Flet View found in: C:\Users\guilh\Documents\VoiceWriter\.venv\Lib\site-packages\flet_desktop\app\flet\flet.exe
2026-06-15 22:44:19 | INFO | App session started
2026-06-15 22:44:24 | INFO | Carregando Whisper Model: turbo.
2026-06-15 22:44:24 | INFO | HTTP Request: GET https://huggingface.co/api/models/mobiuslabsgmbh/faster-whisper-large-v3-turbo/revision/main "HTTP/1.1 307 Temporary Redirect"
2026-06-15 22:44:25 | INFO | HTTP Request: GET https://huggingface.co/api/models/dropbox-dash/faster-whisper-large-v3-turbo/revision/main "HTTP/1.1 200 OK"
2026-06-15 22:44:29 | INFO | Pre-warm concluído.
2026-06-15 22:46:25 | INFO | Assets path configured: C:\Users\guilh\Documents\VoiceWriter\assets
2026-06-15 22:46:25 | INFO | Starting up TCP server on localhost:37375
2026-06-15 22:46:25 | INFO | Flet app has started...
2026-06-15 22:46:25 | INFO | App URL: tcp://localhost:37375
2026-06-15 22:46:25 | INFO | Starting Flet View app...
2026-06-15 22:46:25 | INFO | Looking for Flet executable at: C:\Users\guilh\Documents\VoiceWriter\.venv\Lib\site-packages\flet_desktop\app\flet\flet.exe
2026-06-15 22:46:25 | INFO | Flet View found in: C:\Users\guilh\Documents\VoiceWriter\.venv\Lib\site-packages\flet_desktop\app\flet\flet.exe
2026-06-15 22:46:25 | INFO | App session started
2026-06-15 22:46:29 | INFO | Carregando Whisper Model: turbo.
2026-06-15 22:46:31 | INFO | HTTP Request: GET https://huggingface.co/api/models/mobiuslabsgmbh/faster-whisper-large-v3-turbo/revision/main "HTTP/1.1 307 Temporary Redirect"
2026-06-15 22:46:31 | INFO | HTTP Request: GET https://huggingface.co/api/models/dropbox-dash/faster-whisper-large-v3-turbo/revision/main "HTTP/1.1 200 OK"
2026-06-15 22:46:34 | INFO | Pre-warm concluído.
2026-06-15 22:48:17 | INFO | Carregando Whisper Model: small.
2026-06-15 22:48:17 | INFO | HTTP Request: GET https://huggingface.co/api/models/Systran/faster-whisper-small/revision/main "HTTP/1.1 200 OK"
2026-06-15 22:48:19 | INFO | Adjusted for ambient noise. Linstening...
2026-06-15 22:48:25 | INFO | Listen end: <speech_recognition.audio.AudioData object at 0x000001FA1040ACF0>
2026-06-15 22:48:26 | INFO | Processing audio with duration 00:02.090
2026-06-15 22:48:26 | INFO | Recognizing speech: Aaaaah, ai ai ai
2026-06-15 22:48:26 | INFO | Nenhum comando reconhecido nesta frase.
2026-06-15 22:49:51 | INFO | Assets path configured: C:\Users\guilh\Documents\VoiceWriter\assets
2026-06-15 22:49:51 | INFO | Starting up TCP server on localhost:35815
2026-06-15 22:49:51 | INFO | Flet app has started...
2026-06-15 22:49:51 | INFO | App URL: tcp://localhost:35815
2026-06-15 22:49:51 | INFO | Starting Flet View app...
2026-06-15 22:49:51 | INFO | Looking for Flet executable at: C:\Users\guilh\Documents\VoiceWriter\.venv\Lib\site-packages\flet_desktop\app\flet\flet.exe
2026-06-15 22:49:51 | INFO | Flet View found in: C:\Users\guilh\Documents\VoiceWriter\.venv\Lib\site-packages\flet_desktop\app\flet\flet.exe
2026-06-15 22:49:52 | INFO | App session started
2026-06-15 22:49:57 | INFO | Carregando Whisper Model: turbo.
2026-06-15 22:49:57 | INFO | Carregando Whisper Model: small.
2026-06-15 22:49:58 | INFO | HTTP Request: GET https://huggingface.co/api/models/mobiuslabsgmbh/faster-whisper-large-v3-turbo/revision/main "HTTP/1.1 307 Temporary Redirect"
2026-06-15 22:49:58 | INFO | HTTP Request: GET https://huggingface.co/api/models/dropbox-dash/faster-whisper-large-v3-turbo/revision/main "HTTP/1.1 200 OK"
2026-06-15 22:49:58 | INFO | HTTP Request: GET https://huggingface.co/api/models/Systran/faster-whisper-small/revision/main "HTTP/1.1 200 OK"
2026-06-15 22:50:01 | INFO | Pre-warm concluído.
2026-06-15 22:50:02 | INFO | Adjusted for ambient noise. Linstening...
2026-06-15 22:50:08 | INFO | Listen end: <speech_recognition.audio.AudioData object at 0x0000021A6CD0E7B0>
2026-06-15 22:50:08 | INFO | Processing audio with duration 00:04.272
2026-06-15 22:50:08 | INFO | Recognizing speech: 
2026-06-15 22:51:14 | INFO | Whisper Model 'small' já carregado.
2026-06-15 22:51:15 | INFO | Adjusted for ambient noise. Linstening...
2026-06-15 22:51:19 | INFO | Listen end: <speech_recognition.audio.AudioData object at 0x0000021A6D001F90>
2026-06-15 22:51:19 | INFO | Processing audio with duration 00:03.019
2026-06-15 22:51:19 | INFO | Recognizing speech: abriu, gentlemen, desculpe agora, né?
2026-06-15 22:51:19 | INFO | Nenhum comando reconhecido nesta frase.
2026-06-15 22:51:31 | INFO | Whisper Model 'small' já carregado.
2026-06-15 22:51:32 | INFO | Adjusted for ambient noise. Linstening...
2026-06-15 22:51:36 | INFO | Listen end: <speech_recognition.audio.AudioData object at 0x0000021A6D003110>
2026-06-15 22:51:36 | INFO | Processing audio with duration 00:02.972
2026-06-15 22:51:37 | INFO | Recognizing speech: abrindo o gêntomo
2026-06-15 22:51:37 | INFO | Nenhum comando reconhecido nesta frase.
2026-06-16 14:58:06 | INFO | Assets path configured: C:\Users\guilh\Documents\VoiceWriter\assets
2026-06-16 14:58:06 | INFO | Starting up TCP server on localhost:35886
2026-06-16 14:58:06 | INFO | Flet app has started...
2026-06-16 14:58:06 | INFO | App URL: tcp://localhost:35886
2026-06-16 14:58:06 | INFO | Starting Flet View app...
2026-06-16 14:58:06 | INFO | Looking for Flet executable at: C:\Users\guilh\Documents\VoiceWriter\.venv\Lib\site-packages\flet_desktop\app\flet\flet.exe
2026-06-16 14:58:06 | INFO | Flet View found in: C:\Users\guilh\Documents\VoiceWriter\.venv\Lib\site-packages\flet_desktop\app\flet\flet.exe
2026-06-16 14:58:08 | INFO | App session started
2026-06-16 14:58:18 | INFO | Carregando Whisper Model: turbo.
2026-06-16 14:58:20 | INFO | HTTP Request: GET https://huggingface.co/api/models/mobiuslabsgmbh/faster-whisper-large-v3-turbo/revision/main "HTTP/1.1 307 Temporary Redirect"
2026-06-16 14:58:20 | INFO | HTTP Request: GET https://huggingface.co/api/models/dropbox-dash/faster-whisper-large-v3-turbo/revision/main "HTTP/1.1 200 OK"
2026-06-16 14:58:22 | INFO | Pre-warm concluído.
2026-06-16 14:58:30 | INFO | Carregando Whisper Model: small.
2026-06-16 14:58:30 | INFO | HTTP Request: GET https://huggingface.co/api/models/Systran/faster-whisper-small/revision/main "HTTP/1.1 200 OK"
2026-06-16 14:58:33 | INFO | Adjusted for ambient noise. Linstening...
2026-06-16 14:58:38 | INFO | Listen end: <speech_recognition.audio.AudioData object at 0x0000014B2030AE40>
2026-06-16 14:58:38 | INFO | Processing audio with duration 00:01.881
2026-06-16 14:58:38 | INFO | Recognizing speech: Abre o navegador.
2026-06-16 14:58:38 | INFO | Comando identificado! Tentando abrir: navegador....
2026-06-16 14:58:38 | INFO | Opening: navegador.
2026-06-16 15:00:18 | INFO | Assets path configured: C:\Users\guilh\Documents\VoiceWriter\assets
2026-06-16 15:00:18 | INFO | Starting up TCP server on localhost:16142
2026-06-16 15:00:18 | INFO | Flet app has started...
2026-06-16 15:00:18 | INFO | App URL: tcp://localhost:16142
2026-06-16 15:00:18 | INFO | Starting Flet View app...
2026-06-16 15:00:18 | INFO | Looking for Flet executable at: C:\Users\guilh\Documents\VoiceWriter\.venv\Lib\site-packages\flet_desktop\app\flet\flet.exe
2026-06-16 15:00:18 | INFO | Flet View found in: C:\Users\guilh\Documents\VoiceWriter\.venv\Lib\site-packages\flet_desktop\app\flet\flet.exe
2026-06-16 15:00:18 | INFO | App session started
2026-06-16 15:00:22 | INFO | Carregando Whisper Model: turbo.
2026-06-16 15:00:23 | INFO | HTTP Request: GET https://huggingface.co/api/models/mobiuslabsgmbh/faster-whisper-large-v3-turbo/revision/main "HTTP/1.1 307 Temporary Redirect"
2026-06-16 15:00:23 | INFO | Carregando Whisper Model: small.
2026-06-16 15:00:23 | INFO | HTTP Request: GET https://huggingface.co/api/models/dropbox-dash/faster-whisper-large-v3-turbo/revision/main "HTTP/1.1 200 OK"
2026-06-16 15:00:23 | INFO | HTTP Request: GET https://huggingface.co/api/models/Systran/faster-whisper-small/revision/main "HTTP/1.1 200 OK"
2026-06-16 15:00:25 | INFO | Adjusted for ambient noise. Linstening...
2026-06-16 15:00:26 | INFO | Pre-warm concluído.
2026-06-16 15:00:35 | INFO | Listen end: <speech_recognition.audio.AudioData object at 0x0000016DC0A0E660>
2026-06-16 15:00:35 | INFO | Processing audio with duration 00:05.851
2026-06-16 15:00:35 | INFO | Recognizing speech: Abra o ópera.
2026-06-16 15:00:35 | INFO | Comando identificado! Tentando abrir: ópera....
2026-06-16 15:00:35 | INFO | Opening: ópera.
2026-06-16 15:02:37 | INFO | Assets path configured: C:\Users\guilh\Documents\VoiceWriter\assets
2026-06-16 15:02:37 | INFO | Starting up TCP server on localhost:14986
2026-06-16 15:02:37 | INFO | Flet app has started...
2026-06-16 15:02:37 | INFO | App URL: tcp://localhost:14986
2026-06-16 15:02:37 | INFO | Starting Flet View app...
2026-06-16 15:02:37 | INFO | Looking for Flet executable at: C:\Users\guilh\Documents\VoiceWriter\.venv\Lib\site-packages\flet_desktop\app\flet\flet.exe
2026-06-16 15:02:37 | INFO | Flet View found in: C:\Users\guilh\Documents\VoiceWriter\.venv\Lib\site-packages\flet_desktop\app\flet\flet.exe
2026-06-16 15:02:37 | INFO | App session started
2026-06-16 15:02:40 | INFO | Carregando Whisper Model: turbo.
2026-06-16 15:02:40 | INFO | Carregando Whisper Model: small.
2026-06-16 15:02:41 | INFO | HTTP Request: GET https://huggingface.co/api/models/mobiuslabsgmbh/faster-whisper-large-v3-turbo/revision/main "HTTP/1.1 307 Temporary Redirect"
2026-06-16 15:02:41 | INFO | HTTP Request: GET https://huggingface.co/api/models/dropbox-dash/faster-whisper-large-v3-turbo/revision/main "HTTP/1.1 200 OK"
2026-06-16 15:02:41 | INFO | HTTP Request: GET https://huggingface.co/api/models/Systran/faster-whisper-small/revision/main "HTTP/1.1 200 OK"
2026-06-16 15:02:44 | INFO | Adjusted for ambient noise. Linstening...
2026-06-16 15:02:44 | INFO | Pre-warm concluído.
2026-06-16 15:02:48 | INFO | Listen end: <speech_recognition.audio.AudioData object at 0x00000260BE34E660>
2026-06-16 15:02:48 | INFO | Processing audio with duration 00:02.322
2026-06-16 15:02:49 | INFO | Recognizing speech: Abra o versicule.
2026-06-16 15:02:49 | INFO | Comando identificado! Tentando abrir: versicule....
2026-06-16 15:02:49 | INFO | Opening: versicule.
2026-06-16 15:03:03 | INFO | Whisper Model 'small' já carregado.
2026-06-16 15:03:04 | INFO | Adjusted for ambient noise. Linstening...
2026-06-16 15:03:08 | INFO | Listen end: <speech_recognition.audio.AudioData object at 0x00000260BE64E5D0>
2026-06-16 15:03:08 | INFO | Processing audio with duration 00:02.694
2026-06-16 15:03:08 | INFO | Recognizing speech: Abre Discord.
2026-06-16 15:03:08 | INFO | Comando identificado! Tentando abrir: discord....
2026-06-16 15:03:08 | INFO | Opening: discord.
2026-06-16 15:03:36 | INFO | Whisper Model 'small' já carregado.
2026-06-16 15:03:37 | INFO | Adjusted for ambient noise. Linstening...
2026-06-16 15:03:42 | INFO | Listen end: <speech_recognition.audio.AudioData object at 0x00000260BE64E5D0>
2026-06-16 15:03:42 | INFO | Processing audio with duration 00:03.390
2026-06-16 15:03:42 | INFO | Recognizing speech: Abra o navegador, ópera.
2026-06-16 15:03:42 | INFO | Comando identificado! Tentando abrir: navegador, ópera....
2026-06-16 15:03:42 | INFO | Opening: navegador, ópera.
2026-06-16 15:04:23 | INFO | Assets path configured: C:\Users\guilh\Documents\VoiceWriter\assets
2026-06-16 15:04:23 | INFO | Starting up TCP server on localhost:30516
2026-06-16 15:04:23 | INFO | Flet app has started...
2026-06-16 15:04:23 | INFO | App URL: tcp://localhost:30516
2026-06-16 15:04:23 | INFO | Starting Flet View app...
2026-06-16 15:04:23 | INFO | Looking for Flet executable at: C:\Users\guilh\Documents\VoiceWriter\.venv\Lib\site-packages\flet_desktop\app\flet\flet.exe
2026-06-16 15:04:23 | INFO | Flet View found in: C:\Users\guilh\Documents\VoiceWriter\.venv\Lib\site-packages\flet_desktop\app\flet\flet.exe
2026-06-16 15:04:24 | INFO | App session started
2026-06-16 15:04:27 | INFO | Carregando Whisper Model: turbo.
2026-06-16 15:04:27 | INFO | Carregando Whisper Model: small.
2026-06-16 15:04:28 | INFO | HTTP Request: GET https://huggingface.co/api/models/mobiuslabsgmbh/faster-whisper-large-v3-turbo/revision/main "HTTP/1.1 307 Temporary Redirect"
2026-06-16 15:04:28 | INFO | HTTP Request: GET https://huggingface.co/api/models/dropbox-dash/faster-whisper-large-v3-turbo/revision/main "HTTP/1.1 200 OK"
2026-06-16 15:04:28 | INFO | HTTP Request: GET https://huggingface.co/api/models/Systran/faster-whisper-small/revision/main "HTTP/1.1 200 OK"
2026-06-16 15:04:31 | INFO | Adjusted for ambient noise. Linstening...
2026-06-16 15:04:31 | INFO | Pre-warm concluído.
2026-06-16 15:04:35 | INFO | Listen end: <speech_recognition.audio.AudioData object at 0x0000022A7D5FA660>
2026-06-16 15:04:35 | INFO | Processing audio with duration 00:03.065
2026-06-16 15:04:36 | INFO | Recognizing speech: Execute o explorador de arquivos.
2026-06-16 15:04:36 | INFO | Comando identificado! Tentando abrir: explorador de arquivos....
2026-06-16 15:04:36 | INFO | Opening: explorador de arquivos.
2026-06-16 15:04:39 | INFO | Whisper Model 'small' já carregado.
2026-06-16 15:04:41 | INFO | Adjusted for ambient noise. Linstening...
2026-06-16 15:04:44 | INFO | Listen end: <speech_recognition.audio.AudioData object at 0x0000022A7D8F2C10>
2026-06-16 15:04:44 | INFO | Processing audio with duration 00:02.368
2026-06-16 15:04:44 | INFO | Recognizing speech: Execute o Google.
2026-06-16 15:04:44 | INFO | Comando identificado! Tentando abrir: google....
2026-06-16 15:04:44 | INFO | Opening: google.
2026-06-16 15:05:29 | INFO | Whisper Model 'small' já carregado.
2026-06-16 15:05:31 | INFO | Adjusted for ambient noise. Linstening...
2026-06-16 15:05:34 | INFO | Listen end: <speech_recognition.audio.AudioData object at 0x0000022A7D8F2C10>
2026-06-16 15:05:34 | INFO | Processing audio with duration 00:02.577
2026-06-16 15:05:35 | INFO | Recognizing speech: e se oculta no Google Chrome.
2026-06-16 15:05:35 | INFO | Nenhum comando reconhecido nesta frase.
2026-06-16 15:05:47 | INFO | Whisper Model 'small' já carregado.
2026-06-16 15:05:48 | INFO | Adjusted for ambient noise. Linstening...
2026-06-16 15:05:52 | INFO | Listen end: <speech_recognition.audio.AudioData object at 0x0000022A7D9A8640>
2026-06-16 15:05:52 | INFO | Processing audio with duration 00:02.670
2026-06-16 15:05:53 | INFO | Recognizing speech: E zekuchi o Google Chrome.
2026-06-16 15:05:53 | INFO | Nenhum comando reconhecido nesta frase.
2026-06-16 15:05:59 | INFO | Whisper Model 'small' já carregado.
2026-06-16 15:06:01 | INFO | Adjusted for ambient noise. Linstening...
2026-06-16 15:06:05 | INFO | Listen end: <speech_recognition.audio.AudioData object at 0x0000022A7D9A8510>
2026-06-16 15:06:05 | INFO | Processing audio with duration 00:02.647
2026-06-16 15:06:05 | INFO | Recognizing speech: Abre o explorador de arquivos.
2026-06-16 15:06:05 | INFO | Comando identificado! Tentando abrir: explorador de arquivos....
2026-06-16 15:06:05 | INFO | Opening: explorador de arquivos.
2026-06-16 15:06:07 | INFO | Whisper Model 'small' já carregado.
2026-06-16 15:06:09 | INFO | Adjusted for ambient noise. Linstening...
2026-06-16 15:06:12 | INFO | Listen end: <speech_recognition.audio.AudioData object at 0x0000022A7D8C4950>
2026-06-16 15:06:12 | INFO | Processing audio with duration 00:02.461
2026-06-16 15:06:13 | INFO | Recognizing speech: Abra o Google Chrome!
2026-06-16 15:06:13 | INFO | Comando identificado! Tentando abrir: google chrome!...
2026-06-16 15:06:13 | INFO | Opening: google chrome!
2026-06-16 15:06:26 | INFO | Carregando Whisper Model: large-v2.
2026-06-16 15:06:27 | INFO | HTTP Request: GET https://huggingface.co/api/models/Systran/faster-whisper-large-v2/revision/main "HTTP/1.1 200 OK"
2026-06-16 15:06:27 | INFO | HTTP Request: HEAD https://huggingface.co/Systran/faster-whisper-large-v2/resolve/f0fe81560cb8b68660e564f55dd99207059c092e/config.json "HTTP/1.1 307 Temporary Redirect"
2026-06-16 15:06:27 | INFO | HTTP Request: HEAD https://huggingface.co/Systran/faster-whisper-large-v2/resolve/f0fe81560cb8b68660e564f55dd99207059c092e/tokenizer.json "HTTP/1.1 307 Temporary Redirect"
2026-06-16 15:06:27 | INFO | HTTP Request: HEAD https://huggingface.co/Systran/faster-whisper-large-v2/resolve/f0fe81560cb8b68660e564f55dd99207059c092e/vocabulary.txt "HTTP/1.1 307 Temporary Redirect"
2026-06-16 15:06:27 | INFO | HTTP Request: HEAD https://huggingface.co/Systran/faster-whisper-large-v2/resolve/f0fe81560cb8b68660e564f55dd99207059c092e/model.bin "HTTP/1.1 302 Found"
2026-06-16 15:06:27 | INFO | HTTP Request: HEAD https://huggingface.co/api/resolve-cache/models/Systran/faster-whisper-large-v2/f0fe81560cb8b68660e564f55dd99207059c092e/config.json "HTTP/1.1 200 OK"
2026-06-16 15:06:27 | INFO | HTTP Request: HEAD https://huggingface.co/api/resolve-cache/models/Systran/faster-whisper-large-v2/f0fe81560cb8b68660e564f55dd99207059c092e/tokenizer.json "HTTP/1.1 200 OK"
2026-06-16 15:06:27 | INFO | HTTP Request: HEAD https://huggingface.co/api/resolve-cache/models/Systran/faster-whisper-large-v2/f0fe81560cb8b68660e564f55dd99207059c092e/vocabulary.txt "HTTP/1.1 200 OK"
2026-06-16 15:06:27 | INFO | HTTP Request: GET https://huggingface.co/api/models/Systran/faster-whisper-large-v2/xet-read-token/f0fe81560cb8b68660e564f55dd99207059c092e "HTTP/1.1 200 OK"
2026-06-16 15:06:27 | INFO | HTTP Request: GET https://huggingface.co/api/resolve-cache/models/Systran/faster-whisper-large-v2/f0fe81560cb8b68660e564f55dd99207059c092e/config.json "HTTP/1.1 200 OK"
2026-06-16 15:06:27 | INFO | HTTP Request: GET https://huggingface.co/api/resolve-cache/models/Systran/faster-whisper-large-v2/f0fe81560cb8b68660e564f55dd99207059c092e/tokenizer.json "HTTP/1.1 200 OK"
2026-06-16 15:06:27 | INFO | HTTP Request: GET https://huggingface.co/api/resolve-cache/models/Systran/faster-whisper-large-v2/f0fe81560cb8b68660e564f55dd99207059c092e/vocabulary.txt "HTTP/1.1 200 OK"
2026-06-16 15:06:27 | INFO | Arquivo salvo: C:\Users\guilh\Documents\VoiceWriter\testes_folder\Untitled 1.md
2026-06-16 15:06:53 | WARNING | Nenhuma escuta ativa para interromper.
2026-06-16 15:07:04 | WARNING | Nenhuma escuta ativa para interromper.
2026-06-16 15:07:47 | ERROR | exception calling callback for <Future at 0x22ad8a51450 state=finished raised RuntimeError>
Traceback (most recent call last):
  File "C:\Users\guilh\AppData\Roaming\uv\python\cpython-3.13.3-windows-x86_64-none\Lib\concurrent\futures\_base.py", line 340, in _invoke_callbacks
    callback(self)
    ~~~~~~~~^^^^^^
  File "C:\Users\guilh\Documents\VoiceWriter\.venv\Lib\site-packages\flet\controls\page.py", line 504, in _on_completion
    raise exception
  File "C:\Users\guilh\Documents\VoiceWriter\frontend\editor_menu.py", line 219, in pulse_animation
    container_button.update()
    ~~~~~~~~~~~~~~~~~~~~~~~^^
  File "C:\Users\guilh\Documents\VoiceWriter\.venv\Lib\site-packages\flet\controls\base_control.py", line 257, in update
    self.page.update(self)
    ~~~~~~~~~~~~~~~~^^^^^^
  File "C:\Users\guilh\Documents\VoiceWriter\.venv\Lib\site-packages\flet\controls\page.py", line 454, in update
    self.__update(*controls)
    ~~~~~~~~~~~~~^^^^^^^^^^^
  File "C:\Users\guilh\Documents\VoiceWriter\.venv\Lib\site-packages\flet\controls\page.py", line 461, in __update
    self.session.patch_control(c)
    ^^^^^^^^^^^^
  File "C:\Users\guilh\Documents\VoiceWriter\.venv\Lib\site-packages\flet\controls\page.py", line 840, in session
    raise RuntimeError("An attempt to fetch destroyed session.")
RuntimeError: An attempt to fetch destroyed session.
2026-06-16 15:11:26 | INFO | Adjusted for ambient noise. Listening...
2026-06-16 15:11:32 | INFO | Processing audio with duration 00:04.412
2026-06-16 15:11:33 | INFO | Recognizing speech: E aí E aí
2026-06-16 15:11:33 | INFO | Finished recording! Transcription saved to: output.txt
2026-06-16 15:36:41 | INFO | Assets path configured: C:\Users\guilh\Documents\VoiceWriter\assets
2026-06-16 15:36:41 | INFO | Starting up TCP server on localhost:44361
2026-06-16 15:36:41 | INFO | Flet app has started...
2026-06-16 15:36:42 | INFO | App URL: tcp://localhost:44361
2026-06-16 15:36:42 | INFO | Starting Flet View app...
2026-06-16 15:36:42 | INFO | Looking for Flet executable at: C:\Users\guilh\Documents\VoiceWriter\.venv\Lib\site-packages\flet_desktop\app\flet\flet.exe
2026-06-16 15:36:42 | INFO | Flet View found in: C:\Users\guilh\Documents\VoiceWriter\.venv\Lib\site-packages\flet_desktop\app\flet\flet.exe
2026-06-16 15:36:42 | INFO | App session started
2026-06-16 15:36:48 | INFO | Carregando Whisper Model: small.
2026-06-16 15:36:49 | INFO | HTTP Request: GET https://huggingface.co/api/models/Systran/faster-whisper-small/revision/main "HTTP/1.1 200 OK"
2026-06-16 15:36:49 | INFO | Adjusted for ambient noise. Linstening...
2026-06-16 15:36:50 | INFO | Whisper Model 'small' pronto.
2026-06-16 15:36:56 | INFO | Listen end: <speech_recognition.audio.AudioData object at 0x000002ACBC89E270>
2026-06-16 15:36:56 | INFO | Processing audio with duration 00:05.224
2026-06-16 15:36:57 | INFO | Recognizing speech: Está demorando bastante, por que está demorando bastante?
2026-06-16 15:36:57 | INFO | Nenhum comando reconhecido nesta frase.
2026-06-16 15:37:13 | INFO | Adjusted for ambient noise. Linstening...
2026-06-16 15:37:18 | INFO | Listen end: <speech_recognition.audio.AudioData object at 0x000002ACBC692990>
2026-06-16 15:37:18 | INFO | Processing audio with duration 00:03.622
2026-06-16 15:37:18 | INFO | Recognizing speech: Deixa eu testar.
2026-06-16 15:37:18 | INFO | Nenhum comando reconhecido nesta frase.
2026-06-16 15:37:22 | INFO | Adjusted for ambient noise. Linstening...
2026-06-16 15:37:27 | INFO | Listen end: <speech_recognition.audio.AudioData object at 0x000002ACBC812E90>
2026-06-16 15:37:27 | INFO | Processing audio with duration 00:03.646
2026-06-16 15:37:27 | INFO | Recognizing speech: Ele tá transcrivendo bem na hora que eu começo a falar.
2026-06-16 15:37:27 | INFO | Nenhum comando reconhecido nesta frase.
2026-06-16 15:45:12 | INFO | Assets path configured: C:\Users\guilh\Documents\VoiceWriter\assets
2026-06-16 15:45:12 | INFO | Starting up TCP server on localhost:17690
2026-06-16 15:45:12 | INFO | Flet app has started...
2026-06-16 15:45:12 | INFO | App URL: tcp://localhost:17690
2026-06-16 15:45:12 | INFO | Starting Flet View app...
2026-06-16 15:45:12 | INFO | Looking for Flet executable at: C:\Users\guilh\Documents\VoiceWriter\.venv\Lib\site-packages\flet_desktop\app\flet\flet.exe
2026-06-16 15:45:12 | INFO | Flet View found in: C:\Users\guilh\Documents\VoiceWriter\.venv\Lib\site-packages\flet_desktop\app\flet\flet.exe
2026-06-16 15:45:13 | INFO | App session started
2026-06-16 15:45:21 | INFO | Carregando Whisper Model: small.
2026-06-16 15:45:22 | INFO | HTTP Request: GET https://huggingface.co/api/models/Systran/faster-whisper-small/revision/main "HTTP/1.1 200 OK"
2026-06-16 15:45:23 | INFO | Adjusted for ambient noise. Linstening...
2026-06-16 15:45:23 | INFO | Whisper Model 'small' pronto.
2026-06-16 15:45:31 | INFO | Listen end: <speech_recognition.audio.AudioData object at 0x000001D744DFB8C0>
2026-06-16 15:45:32 | INFO | Processing audio with duration 00:07.500
2026-06-16 15:45:36 | INFO | Recognizing speech: 
2026-06-16 15:50:20 | INFO | Assets path configured: C:\Users\guilh\Documents\VoiceWriter\assets
2026-06-16 15:50:20 | INFO | Starting up TCP server on localhost:28876
2026-06-16 15:50:21 | INFO | Flet app has started...
2026-06-16 15:50:21 | INFO | App URL: tcp://localhost:28876
2026-06-16 15:50:21 | INFO | Starting Flet View app...
2026-06-16 15:50:21 | INFO | Looking for Flet executable at: C:\Users\guilh\Documents\VoiceWriter\.venv\Lib\site-packages\flet_desktop\app\flet\flet.exe
2026-06-16 15:50:21 | INFO | Flet View found in: C:\Users\guilh\Documents\VoiceWriter\.venv\Lib\site-packages\flet_desktop\app\flet\flet.exe
2026-06-16 15:50:21 | INFO | App session started
2026-06-16 15:50:26 | INFO | Carregando Whisper Model: small.
2026-06-16 15:50:27 | INFO | HTTP Request: GET https://huggingface.co/api/models/Systran/faster-whisper-small/revision/main "HTTP/1.1 200 OK"
2026-06-16 15:50:27 | INFO | Adjusted for ambient noise. Linstening...
2026-06-16 15:50:28 | INFO | Whisper Model 'small' pronto.
2026-06-16 15:50:32 | INFO | Listen end: <speech_recognition.audio.AudioData object at 0x00000147D5EFE270>
2026-06-16 15:50:32 | INFO | Processing audio with duration 00:04.064
2026-06-16 15:50:36 | INFO | Recognizing speech: E aí
2026-06-16 15:50:36 | INFO | Nenhum comando reconhecido nesta frase.
2026-06-16 15:53:11 | INFO | Assets path configured: C:\Users\guilh\Documents\VoiceWriter\assets
2026-06-16 15:53:11 | INFO | Starting up TCP server on localhost:36285
2026-06-16 15:53:11 | INFO | Flet app has started...
2026-06-16 15:53:11 | INFO | App URL: tcp://localhost:36285
2026-06-16 15:53:11 | INFO | Starting Flet View app...
2026-06-16 15:53:11 | INFO | Looking for Flet executable at: C:\Users\guilh\Documents\VoiceWriter\.venv\Lib\site-packages\flet_desktop\app\flet\flet.exe
2026-06-16 15:53:11 | INFO | Flet View found in: C:\Users\guilh\Documents\VoiceWriter\.venv\Lib\site-packages\flet_desktop\app\flet\flet.exe
2026-06-16 15:53:11 | INFO | App session started
2026-06-16 15:53:22 | INFO | Carregando Whisper Model: small.
2026-06-16 15:53:22 | INFO | Carregando Whisper Model: large-v2.
2026-06-16 15:53:23 | INFO | HTTP Request: GET https://huggingface.co/api/models/Systran/faster-whisper-small/revision/main "HTTP/1.1 200 OK"
2026-06-16 15:53:23 | INFO | HTTP Request: GET https://huggingface.co/api/models/Systran/faster-whisper-large-v2/revision/main "HTTP/1.1 200 OK"
2026-06-16 15:53:24 | INFO | Adjusted for ambient noise. Listening...
2026-06-16 15:53:24 | INFO | Whisper Model 'small' pronto.
2026-06-16 15:53:28 | INFO | Whisper Model 'large-v2' pronto.
2026-06-16 15:53:28 | INFO | Processing audio with duration 00:03.854
2026-06-16 15:53:34 | INFO | Recognizing speech: Não está funcionando a transcrição, não está funcionando, ele está meio zoado.
2026-06-16 15:53:34 | INFO | Finished recording! Transcription saved to: output.txt
2026-06-16 15:53:35 | INFO | Arquivo salvo: C:\Users\guilh\Documents\VoiceWriter\testes_folder\Untitled 1.md
2026-06-16 15:53:38 | INFO | Processing audio with duration 00:03.762
2026-06-16 15:53:39 | INFO | Recognizing speech: Por isso que...
2026-06-16 15:53:39 | INFO | Finished recording! Transcription saved to: output.txt
2026-06-16 15:53:40 | INFO | Arquivo salvo: C:\Users\guilh\Documents\VoiceWriter\testes_folder\Untitled 1.md
2026-06-16 15:53:43 | INFO | Processing audio with duration 00:04.156
2026-06-16 15:53:44 | INFO | Recognizing speech: 
2026-06-16 15:53:48 | INFO | Processing audio with duration 00:04.156
2026-06-16 15:53:48 | INFO | Adjusted for ambient noise. Linstening...
2026-06-16 15:53:49 | INFO | Recognizing speech: E aí E aí
2026-06-16 15:53:49 | INFO | Finished recording! Transcription saved to: output.txt
2026-06-16 15:53:50 | INFO | Arquivo salvo: C:\Users\guilh\Documents\VoiceWriter\testes_folder\Untitled 1.md
2026-06-16 15:53:51 | INFO | Escuta interrompida com sucesso.
2026-06-16 15:53:51 | ERROR | Erro no reconhecimento: name 'recognized_speech' is not defined
2026-06-16 15:53:53 | INFO | Adjusted for ambient noise. Listening...
2026-06-16 15:53:54 | INFO | Listen end: <speech_recognition.audio.AudioData object at 0x000001E311336330>
2026-06-16 15:53:54 | INFO | Processing audio with duration 00:04.505
2026-06-16 15:53:56 | INFO | Escuta interrompida com sucesso.
2026-06-16 15:53:56 | ERROR | Erro no reconhecimento: name 'recognized_speech' is not defined
2026-06-16 15:53:57 | INFO | Recognizing speech: O que é isso?
2026-06-16 15:53:57 | INFO | Nenhum comando reconhecido nesta frase.
2026-06-16 15:53:59 | INFO | Adjusted for ambient noise. Listening...
2026-06-16 15:54:00 | INFO | Escuta interrompida com sucesso.
2026-06-16 15:54:00 | ERROR | Erro no reconhecimento: name 'recognized_speech' is not defined
2026-06-16 15:54:07 | INFO | Adjusted for ambient noise. Listening...
2026-06-16 15:54:07 | INFO | Arquivo salvo: C:\Users\guilh\Documents\VoiceWriter\testes_folder\Untitled 1.md
2026-06-16 15:54:11 | INFO | Processing audio with duration 00:04.040
2026-06-16 15:54:12 | INFO | Recognizing speech: Tá, se eu mostrasse que ele tá transcrevendo...
2026-06-16 15:54:12 | INFO | Finished recording! Transcription saved to: output.txt
2026-06-16 15:54:13 | INFO | Arquivo salvo: C:\Users\guilh\Documents\VoiceWriter\testes_folder\Untitled 1.md
2026-06-16 15:54:16 | INFO | Processing audio with duration 00:03.901
2026-06-16 15:54:17 | INFO | Recognizing speech: para escrever em tempo real, ele está fazendo meio...
2026-06-16 15:54:17 | INFO | Finished recording! Transcription saved to: output.txt
2026-06-16 15:54:18 | INFO | Arquivo salvo: C:\Users\guilh\Documents\VoiceWriter\testes_folder\Untitled 1.md
2026-06-16 15:54:21 | INFO | Escuta interrompida com sucesso.
2026-06-16 15:54:21 | ERROR | Erro no reconhecimento: name 'recognized_speech' is not defined
2026-06-16 15:54:26 | INFO | Arquivo salvo: C:\Users\guilh\Documents\VoiceWriter\testes_folder\Untitled 1.md
2026-06-16 15:56:42 | INFO | Adjusted for ambient noise. Linstening...
2026-06-16 15:56:45 | INFO | Listen end: <speech_recognition.audio.AudioData object at 0x000001E311EEC320>
2026-06-16 15:56:45 | INFO | Processing audio with duration 00:02.067
2026-06-16 15:56:46 | INFO | Recognizing speech: e abro o Google Chrome.
2026-06-16 15:56:46 | INFO | Comando identificado! Tentando abrir: google chrome....
2026-06-16 15:56:46 | INFO | Opening: google chrome.
2026-06-16 15:56:50 | INFO | Adjusted for ambient noise. Linstening...
2026-06-16 15:56:55 | INFO | Listen end: <speech_recognition.audio.AudioData object at 0x000001E36C972190>
2026-06-16 15:56:55 | INFO | Processing audio with duration 00:03.483
2026-06-16 15:56:55 | INFO | Recognizing speech: Execute o explorador de estar de paz.
2026-06-16 15:56:55 | INFO | Comando identificado! Tentando abrir: explorador de estar de paz....
2026-06-16 15:56:55 | INFO | Opening: explorador de estar de paz.
2026-06-16 15:57:20 | INFO | Arquivo salvo: C:\Users\guilh\Documents\VoiceWriter\testes_folder\Untitled 1.md
2026-06-16 15:57:26 | INFO | Adjusted for ambient noise. Listening...
2026-06-16 15:57:31 | INFO | Processing audio with duration 00:04.040
2026-06-16 15:57:32 | INFO | Recognizing speech: Enquanto a pessoa esteja falando, a ideia dela para estudar é...
2026-06-16 15:57:32 | INFO | Finished recording! Transcription saved to: output.txt
2026-06-16 15:57:33 | INFO | Arquivo salvo: C:\Users\guilh\Documents\VoiceWriter\testes_folder\Untitled 1.md
2026-06-16 15:57:36 | INFO | Processing audio with duration 00:04.017
2026-06-16 15:57:37 | INFO | Recognizing speech: A transcrição com ICR iria em chunks?
2026-06-16 15:57:37 | INFO | Finished recording! Transcription saved to: output.txt
2026-06-16 15:57:38 | INFO | Arquivo salvo: C:\Users\guilh\Documents\VoiceWriter\testes_folder\Untitled 1.md
2026-06-16 15:57:41 | INFO | Processing audio with duration 00:04.342
2026-06-16 15:57:42 | INFO | Recognizing speech: de uma pessoa e publicar dentro desse texto aqui.
2026-06-16 15:57:42 | INFO | Finished recording! Transcription saved to: output.txt
2026-06-16 15:57:43 | INFO | Arquivo salvo: C:\Users\guilh\Documents\VoiceWriter\testes_folder\Untitled 1.md
2026-06-16 15:57:44 | INFO | Escuta interrompida com sucesso.
2026-06-16 15:57:44 | ERROR | Erro no reconhecimento: name 'recognized_speech' is not defined
2026-06-16 15:57:59 | INFO | Arquivo salvo: C:\Users\guilh\Documents\VoiceWriter\testes_folder\Untitled 1.md
2026-06-16 18:15:50 | INFO | Assets path configured: C:\Users\guilh\Documents\VoiceWriter\assets
2026-06-16 18:15:50 | INFO | Starting up TCP server on localhost:3902
2026-06-16 18:15:50 | INFO | Flet app has started...
2026-06-16 18:15:50 | INFO | App URL: tcp://localhost:3902
2026-06-16 18:15:50 | INFO | Starting Flet View app...
2026-06-16 18:15:50 | INFO | Looking for Flet executable at: C:\Users\guilh\Documents\VoiceWriter\.venv\Lib\site-packages\flet_desktop\app\flet\flet.exe
2026-06-16 18:15:50 | INFO | Flet View found in: C:\Users\guilh\Documents\VoiceWriter\.venv\Lib\site-packages\flet_desktop\app\flet\flet.exe
2026-06-16 18:15:51 | INFO | App session started
2026-06-16 18:15:55 | INFO | Carregando Whisper Model: small.
2026-06-16 18:15:55 | INFO | Pre-warm concluído.
2026-06-16 18:15:55 | INFO | HTTP Request: GET https://huggingface.co/api/models/Systran/faster-whisper-small/revision/main "HTTP/1.1 200 OK"
2026-06-16 18:15:56 | INFO | Whisper Model 'small' pronto.
2026-06-16 18:16:11 | INFO | Assets path configured: C:\Users\guilh\Documents\VoiceWriter\assets
2026-06-16 18:16:11 | INFO | Starting up TCP server on localhost:50921
2026-06-16 18:16:11 | INFO | Flet app has started...
2026-06-16 18:16:11 | INFO | App URL: tcp://localhost:50921
2026-06-16 18:16:11 | INFO | Starting Flet View app...
2026-06-16 18:16:11 | INFO | Looking for Flet executable at: C:\Users\guilh\Documents\VoiceWriter\.venv\Lib\site-packages\flet_desktop\app\flet\flet.exe
2026-06-16 18:16:11 | INFO | Flet View found in: C:\Users\guilh\Documents\VoiceWriter\.venv\Lib\site-packages\flet_desktop\app\flet\flet.exe
2026-06-16 18:16:11 | INFO | App session started
2026-06-16 18:16:15 | INFO | Carregando Whisper Model: small.
2026-06-16 18:16:15 | INFO | Pre-warm concluído.
2026-06-16 18:16:16 | INFO | HTTP Request: GET https://huggingface.co/api/models/Systran/faster-whisper-small/revision/main "HTTP/1.1 200 OK"
2026-06-16 18:16:17 | INFO | Whisper Model 'small' pronto.
2026-06-16 18:17:08 | INFO | Carregando Whisper Model: large-v2.
2026-06-16 18:17:08 | INFO | HTTP Request: GET https://huggingface.co/api/models/Systran/faster-whisper-large-v2/revision/main "HTTP/1.1 200 OK"
2026-06-16 18:17:09 | INFO | Adjusted for ambient noise. Listening...
2026-06-16 18:17:12 | INFO | Whisper Model 'large-v2' pronto.
2026-06-16 18:17:14 | INFO | Processing audio with duration 00:04.226
2026-06-16 18:17:15 | INFO | Recognizing speech: Testar no reconhecimento de voz, terá funcionado?
2026-06-16 18:17:15 | INFO | Finished recording! Transcription saved to: output.txt
2026-06-16 18:17:16 | INFO | Arquivo salvo: C:\Users\guilh\Documents\VoiceWriter\testes_folder\Untitled 1.md
2026-06-16 18:17:17 | INFO | Escuta interrompida com sucesso.
2026-06-16 18:17:17 | ERROR | Erro no reconhecimento: name 'recognized_speech' is not defined
2026-06-16 18:17:21 | INFO | Arquivo salvo: C:\Users\guilh\Documents\VoiceWriter\testes_folder\Untitled 1.md
2026-06-16 18:18:14 | INFO | Adjusted for ambient noise. Linstening...
2026-06-16 18:18:17 | INFO | Listen end: <speech_recognition.audio.AudioData object at 0x00000249509CC050>
2026-06-16 18:18:18 | INFO | Processing audio with duration 00:02.647
2026-06-16 18:18:18 | INFO | Recognizing speech: A abra o navegador Google...
2026-06-16 18:18:18 | INFO | Comando identificado! Tentando abrir: navegador google......
2026-06-16 18:18:18 | INFO | Opening: navegador google...
2026-06-16 18:18:46 | INFO | Assets path configured: C:\Users\guilh\Documents\VoiceWriter\assets
2026-06-16 18:18:46 | INFO | Starting up TCP server on localhost:62129
2026-06-16 18:18:46 | INFO | Flet app has started...
2026-06-16 18:18:46 | INFO | App URL: tcp://localhost:62129
2026-06-16 18:18:46 | INFO | Starting Flet View app...
2026-06-16 18:18:46 | INFO | Looking for Flet executable at: C:\Users\guilh\Documents\VoiceWriter\.venv\Lib\site-packages\flet_desktop\app\flet\flet.exe
2026-06-16 18:18:46 | INFO | Flet View found in: C:\Users\guilh\Documents\VoiceWriter\.venv\Lib\site-packages\flet_desktop\app\flet\flet.exe
2026-06-16 18:18:47 | INFO | App session started
2026-06-16 18:18:50 | INFO | Carregando Whisper Model: small.
2026-06-16 18:18:50 | INFO | Pre-warm concluído.
2026-06-16 18:18:51 | INFO | HTTP Request: GET https://huggingface.co/api/models/Systran/faster-whisper-small/revision/main "HTTP/1.1 200 OK"
2026-06-16 18:18:52 | INFO | Adjusted for ambient noise. Linstening...
2026-06-16 18:18:52 | INFO | Whisper Model 'small' pronto.
2026-06-16 18:18:59 | INFO | Listen end: <speech_recognition.audio.AudioData object at 0x000002662DC51E80>
2026-06-16 18:18:59 | INFO | Processing audio with duration 00:06.176
2026-06-16 18:19:00 | INFO | Recognizing speech: testando aqui, testando aqui, com o sono, abro o Google Chrome.
2026-06-16 18:19:00 | INFO | Comando identificado! Tentando abrir: google chrome....
2026-06-16 18:19:00 | INFO | Opening: google chrome.
2026-06-16 18:19:22 | INFO | Adjusted for ambient noise. Linstening...
2026-06-16 18:19:26 | INFO | Listen end: <speech_recognition.audio.AudioData object at 0x000002662D946C10>
2026-06-16 18:19:26 | INFO | Processing audio with duration 00:03.158
2026-06-16 18:19:27 | INFO | Recognizing speech: minha voz, é, abra o Google.
2026-06-16 18:19:27 | INFO | Comando identificado! Tentando abrir: google....
2026-06-16 18:19:27 | INFO | Opening: google.
2026-06-16 18:19:35 | INFO | Adjusted for ambient noise. Linstening...
2026-06-16 18:19:38 | INFO | Listen end: <speech_recognition.audio.AudioData object at 0x00000266291DFED0>
2026-06-16 18:19:38 | INFO | Processing audio with duration 00:01.974
2026-06-16 18:19:39 | INFO | Recognizing speech: Abra o explorador de tarefas.
2026-06-16 18:19:39 | INFO | Comando identificado! Tentando abrir: explorador de tarefas....
2026-06-16 18:19:39 | INFO | Opening: explorador de tarefas.
2026-06-16 18:20:16 | INFO | Carregando Whisper Model: large-v2.
2026-06-16 18:20:16 | INFO | HTTP Request: GET https://huggingface.co/api/models/Systran/faster-whisper-large-v2/revision/main "HTTP/1.1 200 OK"
2026-06-16 18:20:17 | INFO | Adjusted for ambient noise. Listening...
2026-06-16 18:20:20 | INFO | Whisper Model 'large-v2' pronto.
2026-06-16 18:20:21 | INFO | Processing audio with duration 00:04.110
2026-06-16 18:20:22 | INFO | Recognizing speech: O microfone detecta a voz simultaneamente e consegue fazer o estudo.
2026-06-16 18:20:22 | INFO | Finished recording! Transcription saved to: output.txt
2026-06-16 18:20:23 | INFO | Arquivo salvo: C:\Users\guilh\Documents\VoiceWriter\testes_folder\Untitled 1.md
2026-06-16 18:20:27 | INFO | Processing audio with duration 00:04.505
2026-06-16 18:20:28 | INFO | Recognizing speech: que atualmente ela não está sendo feita em tempo real, ela está sendo feita em tempo real.
2026-06-16 18:20:28 | INFO | Finished recording! Transcription saved to: output.txt
2026-06-16 18:20:29 | INFO | Arquivo salvo: C:\Users\guilh\Documents\VoiceWriter\testes_folder\Untitled 1.md
2026-06-16 18:20:32 | INFO | Processing audio with duration 00:04.064
2026-06-16 18:20:33 | INFO | Recognizing speech: eu vou falando e a cada intervalo de 5 segundos...
2026-06-16 18:20:33 | INFO | Finished recording! Transcription saved to: output.txt
2026-06-16 18:20:34 | INFO | Arquivo salvo: C:\Users\guilh\Documents\VoiceWriter\testes_folder\Untitled 1.md
2026-06-16 18:20:37 | INFO | Processing audio with duration 00:04.319
2026-06-16 18:20:38 | INFO | Recognizing speech: depois, e envia para ele ter esse markdown aqui.
2026-06-16 18:20:38 | INFO | Finished recording! Transcription saved to: output.txt
2026-06-16 18:20:39 | INFO | Arquivo salvo: C:\Users\guilh\Documents\VoiceWriter\testes_folder\Untitled 1.md
2026-06-16 18:20:42 | INFO | Processing audio with duration 00:03.947
2026-06-16 18:20:43 | INFO | Recognizing speech: escrever. Isso seria pra realmente.
2026-06-16 18:20:43 | INFO | Finished recording! Transcription saved to: output.txt
2026-06-16 18:20:44 | INFO | Arquivo salvo: C:\Users\guilh\Documents\VoiceWriter\testes_folder\Untitled 1.md
2026-06-16 18:20:46 | INFO | Escuta interrompida com sucesso.
2026-06-16 18:20:46 | ERROR | Erro no reconhecimento: name 'recognized_speech' is not defined
2026-06-16 18:23:43 | INFO | Arquivo salvo: C:\Users\guilh\Documents\VoiceWriter\testes_folder\Untitled 1.md
2026-06-16 19:51:04 | INFO | Assets path configured: C:\Users\guilh\Documents\VoiceWriter\assets
2026-06-16 19:51:04 | INFO | Starting up TCP server on localhost:6656
2026-06-16 19:51:04 | INFO | Flet app has started...
2026-06-16 19:51:04 | INFO | App URL: tcp://localhost:6656
2026-06-16 19:51:04 | INFO | Starting Flet View app...
2026-06-16 19:51:04 | INFO | Looking for Flet executable at: C:\Users\guilh\Documents\VoiceWriter\.venv\Lib\site-packages\flet_desktop\app\flet\flet.exe
2026-06-16 19:51:04 | INFO | Flet View found in: C:\Users\guilh\Documents\VoiceWriter\.venv\Lib\site-packages\flet_desktop\app\flet\flet.exe
2026-06-16 19:51:05 | INFO | App session started
2026-06-16 19:51:08 | INFO | Carregando Whisper Model: small.
2026-06-16 19:51:08 | INFO | Pre-warm concluído.
2026-06-16 19:51:09 | INFO | HTTP Request: GET https://huggingface.co/api/models/Systran/faster-whisper-small/revision/main "HTTP/1.1 200 OK"
2026-06-16 19:51:10 | INFO | Whisper Model 'small' pronto.
2026-06-16 20:07:59 | INFO | Assets path configured: C:\Users\guilh\Documents\VoiceWriter\assets
2026-06-16 20:07:59 | INFO | Starting up TCP server on localhost:26154
2026-06-16 20:07:59 | INFO | Flet app has started...
2026-06-16 20:07:59 | INFO | App URL: tcp://localhost:26154
2026-06-16 20:07:59 | INFO | Starting Flet View app...
2026-06-16 20:07:59 | INFO | Looking for Flet executable at: C:\Users\guilh\Documents\VoiceWriter\.venv\Lib\site-packages\flet_desktop\app\flet\flet.exe
2026-06-16 20:07:59 | INFO | Flet View found in: C:\Users\guilh\Documents\VoiceWriter\.venv\Lib\site-packages\flet_desktop\app\flet\flet.exe
2026-06-16 20:08:00 | INFO | App session started
2026-06-16 20:08:03 | INFO | Carregando Whisper Model: small.
2026-06-16 20:08:03 | INFO | Pre-warm concluído.
2026-06-16 20:08:04 | INFO | HTTP Request: GET https://huggingface.co/api/models/Systran/faster-whisper-small/revision/main "HTTP/1.1 200 OK"
2026-06-16 20:08:05 | INFO | Adjusted for ambient noise. Linstening...
2026-06-16 20:08:05 | INFO | Whisper Model 'small' pronto.
2026-06-16 20:08:12 | INFO | Listen end: <speech_recognition.audio.AudioData object at 0x0000022DBB821D30>
2026-06-16 20:08:12 | INFO | Processing audio with duration 00:07.012
2026-06-16 20:08:13 | INFO | Recognizing speech: Esse meu amor! Às vezes eu guardo como andar depois pra raísta também que...
2026-06-16 20:08:27 | WARNING | Nenhuma escuta ativa para interromper.
2026-06-16 20:08:27 | INFO | Adjusted for ambient noise. Linstening...
2026-06-16 20:08:36 | INFO | Listen end: <speech_recognition.audio.AudioData object at 0x0000022DBB772D50>
2026-06-16 20:08:36 | INFO | Processing audio with duration 00:07.500
2026-06-16 20:08:36 | INFO | Recognizing speech: Eu acho que estequei na mão de porra aí, tchau.
2026-06-16 21:01:12 | INFO | Assets path configured: C:\Users\guilh\Documents\VoiceWriter\assets
2026-06-16 21:01:12 | INFO | Starting up TCP server on localhost:30067
2026-06-16 21:01:12 | INFO | Flet app has started...
2026-06-16 21:01:12 | INFO | App URL: tcp://localhost:30067
2026-06-16 21:01:12 | INFO | Starting Flet View app...
2026-06-16 21:01:12 | INFO | Looking for Flet executable at: C:\Users\guilh\Documents\VoiceWriter\.venv\Lib\site-packages\flet_desktop\app\flet\flet.exe
2026-06-16 21:01:12 | INFO | Flet View found in: C:\Users\guilh\Documents\VoiceWriter\.venv\Lib\site-packages\flet_desktop\app\flet\flet.exe
2026-06-16 21:01:13 | INFO | App session started
2026-06-16 21:01:16 | INFO | Carregando Whisper Model: small.
2026-06-16 21:01:16 | INFO | Pre-warm concluído.
2026-06-16 21:01:17 | INFO | HTTP Request: GET https://huggingface.co/api/models/Systran/faster-whisper-small/revision/main "HTTP/1.1 200 OK"
2026-06-16 21:01:18 | INFO | Whisper Model 'small' pronto.
2026-06-16 21:01:21 | INFO | Adjusted for ambient noise. Linstening...
2026-06-16 21:01:24 | INFO | Listen end: <speech_recognition.audio.AudioData object at 0x0000025226B7D6A0>
2026-06-16 21:01:24 | INFO | Processing audio with duration 00:01.695
2026-06-16 21:01:25 | INFO | Recognizing speech: O que que é para abrir?
2026-06-16 21:01:29 | INFO | Adjusted for ambient noise. Linstening...
2026-06-16 21:01:32 | INFO | Listen end: <speech_recognition.audio.AudioData object at 0x0000025226AF5F90>
2026-06-16 21:01:32 | INFO | Processing audio with duration 00:02.229
2026-06-16 21:01:32 | INFO | Recognizing speech: Abre o Minecraft Launch.
2026-06-16 21:04:22 | INFO | Assets path configured: C:\Users\guilh\Documents\VoiceWriter\assets
2026-06-16 21:04:22 | INFO | Starting up TCP server on localhost:53977
2026-06-16 21:04:22 | INFO | Flet app has started...
2026-06-16 21:04:22 | INFO | App URL: tcp://localhost:53977
2026-06-16 21:04:22 | INFO | Starting Flet View app...
2026-06-16 21:04:22 | INFO | Looking for Flet executable at: C:\Users\guilh\Documents\VoiceWriter\.venv\Lib\site-packages\flet_desktop\app\flet\flet.exe
2026-06-16 21:04:22 | INFO | Flet View found in: C:\Users\guilh\Documents\VoiceWriter\.venv\Lib\site-packages\flet_desktop\app\flet\flet.exe
2026-06-16 21:04:23 | INFO | App session started
2026-06-16 21:04:26 | INFO | Carregando Whisper Model: small.
2026-06-16 21:04:26 | INFO | Pre-warm concluído.
2026-06-16 21:04:27 | INFO | HTTP Request: GET https://huggingface.co/api/models/Systran/faster-whisper-small/revision/main "HTTP/1.1 200 OK"
2026-06-16 21:04:28 | INFO | Adjusted for ambient noise. Linstening...
2026-06-16 21:04:28 | INFO | Whisper Model 'small' pronto.
2026-06-16 21:04:32 | INFO | Listen end: <speech_recognition.audio.AudioData object at 0x0000020ED654DD30>
2026-06-16 21:04:32 | INFO | Processing audio with duration 00:02.810
2026-06-16 21:04:32 | INFO | Recognizing speech: Olha bom! Abra o Minecraft Lounge!
2026-06-16 21:04:32 | INFO | Comando identificado! Tentando abrir: minecraft lounge!...
2026-06-16 21:04:32 | INFO | Opening: minecraft lounge!
2026-06-16 21:05:48 | INFO | Adjusted for ambient noise. Linstening...
2026-06-16 21:05:52 | INFO | Listen end: <speech_recognition.audio.AudioData object at 0x0000020ED6246D50>
2026-06-16 21:05:52 | INFO | Processing audio with duration 00:02.972
2026-06-16 21:05:53 | INFO | Recognizing speech: Alexa, far mais hora.
2026-06-16 21:05:53 | INFO | Nenhum comando reconhecido nesta frase.
2026-06-16 21:06:12 | INFO | Adjusted for ambient noise. Linstening...
2026-06-16 21:06:16 | INFO | Listen end: <speech_recognition.audio.AudioData object at 0x0000020ED41FBB10>
2026-06-16 21:06:16 | INFO | Processing audio with duration 00:02.995
2026-06-16 21:06:16 | INFO | Recognizing speech: Abra o navegador ópera.
2026-06-16 21:06:16 | INFO | Comando identificado! Tentando abrir: navegador ópera....
2026-06-16 21:06:16 | INFO | Opening: navegador ópera.
2026-06-16 21:06:24 | INFO | Adjusted for ambient noise. Linstening...
2026-06-16 21:06:27 | INFO | Listen end: <speech_recognition.audio.AudioData object at 0x0000020ED642AB10>
2026-06-16 21:06:27 | INFO | Processing audio with duration 00:01.347
2026-06-16 21:06:27 | INFO | Recognizing speech: Está funcionando.
2026-06-16 21:06:27 | INFO | Nenhum comando reconhecido nesta frase.
2026-06-16 21:06:32 | INFO | Carregando Whisper Model: large-v2.
2026-06-16 21:06:33 | INFO | HTTP Request: GET https://huggingface.co/api/models/Systran/faster-whisper-large-v2/revision/main "HTTP/1.1 200 OK"
2026-06-16 21:06:34 | INFO | Adjusted for ambient noise. Listening...
2026-06-16 21:06:37 | INFO | Whisper Model 'large-v2' pronto.
2026-06-16 21:06:39 | INFO | Processing audio with duration 00:04.505
2026-06-16 21:06:40 | INFO | Recognizing speech: É, ele funciona pra transcrever minha voz de uma maneira mais longa, né?
2026-06-16 21:07:00 | INFO | Timeout por silêncio (20s) — encerrando transcrição.
2026-06-16 21:07:00 | INFO | Escuta interrompida com sucesso.
2026-06-16 21:07:29 | INFO | Assets path configured: C:\Users\guilh\Documents\VoiceWriter\assets
2026-06-16 21:07:29 | INFO | Starting up TCP server on localhost:6039
2026-06-16 21:07:29 | INFO | Flet app has started...
2026-06-16 21:07:29 | INFO | App URL: tcp://localhost:6039
2026-06-16 21:07:29 | INFO | Starting Flet View app...
2026-06-16 21:07:29 | INFO | Looking for Flet executable at: C:\Users\guilh\Documents\VoiceWriter\.venv\Lib\site-packages\flet_desktop\app\flet\flet.exe
2026-06-16 21:07:29 | INFO | Flet View found in: C:\Users\guilh\Documents\VoiceWriter\.venv\Lib\site-packages\flet_desktop\app\flet\flet.exe
2026-06-16 21:07:30 | INFO | App session started
2026-06-16 21:07:34 | INFO | Carregando Whisper Model: small.
2026-06-16 21:07:34 | INFO | Pre-warm concluído.
2026-06-16 21:07:35 | INFO | HTTP Request: GET https://huggingface.co/api/models/Systran/faster-whisper-small/revision/main "HTTP/1.1 200 OK"
2026-06-16 21:07:35 | INFO | Adjusted for ambient noise. Linstening...
2026-06-16 21:07:35 | INFO | Whisper Model 'small' pronto.
2026-06-16 21:07:41 | INFO | Carregando Whisper Model: large-v2.
2026-06-16 21:07:41 | INFO | HTTP Request: GET https://huggingface.co/api/models/Systran/faster-whisper-large-v2/revision/main "HTTP/1.1 200 OK"
2026-06-16 21:07:42 | INFO | Adjusted for ambient noise. Listening...
2026-06-16 21:07:44 | INFO | Listen end: <speech_recognition.audio.AudioData object at 0x000001D7C418DE80>
2026-06-16 21:07:44 | INFO | Processing audio with duration 00:07.338
2026-06-16 21:07:44 | ERROR | exception calling callback for <Future at 0x1d7b837f390 state=finished raised RuntimeError>
Traceback (most recent call last):
  File "C:\Users\guilh\AppData\Roaming\uv\python\cpython-3.13.3-windows-x86_64-none\Lib\concurrent\futures\_base.py", line 340, in _invoke_callbacks
    callback(self)
    ~~~~~~~~^^^^^^
  File "C:\Users\guilh\Documents\VoiceWriter\.venv\Lib\site-packages\flet\controls\page.py", line 504, in _on_completion
    raise exception
  File "C:\Users\guilh\Documents\VoiceWriter\frontend\widgets\mic.py", line 43, in pulse_animation
    container_button.update()
    ~~~~~~~~~~~~~~~~~~~~~~~^^
  File "C:\Users\guilh\Documents\VoiceWriter\.venv\Lib\site-packages\flet\controls\base_control.py", line 253, in update
    if not self.page:
           ^^^^^^^^^
  File "C:\Users\guilh\Documents\VoiceWriter\.venv\Lib\site-packages\flet\controls\base_control.py", line 200, in page
    raise RuntimeError(
    ...<2 lines>...
    )
RuntimeError: Container(18) Control must be added to the page first
2026-06-16 21:07:45 | INFO | Whisper Model 'large-v2' pronto.
2026-06-16 21:07:46 | INFO | Recognizing speech: E agora, ele está atrasado.
2026-06-16 21:07:46 | INFO | Nenhum comando reconhecido nesta frase.
2026-06-16 21:07:47 | INFO | Processing audio with duration 00:03.878
2026-06-16 21:07:48 | INFO | Recognizing speech: É, agora eu estou aprontando e ele está reconhecendo minha voz.
2026-06-16 21:07:48 | INFO | Finished recording! Transcription saved to: output.txt
2026-06-16 21:07:49 | INFO | Arquivo salvo: C:\Users\guilh\Documents\VoiceWriter\testes_folder\Untitled 1.md
2026-06-16 21:07:52 | INFO | Processing audio with duration 00:04.110
2026-06-16 21:07:53 | INFO | Recognizing speech: Está atualizando o contêinerzinho.
2026-06-16 21:07:53 | INFO | Finished recording! Transcription saved to: output.txt
2026-06-16 21:07:54 | INFO | Arquivo salvo: C:\Users\guilh\Documents\VoiceWriter\testes_folder\Untitled 1.md
2026-06-16 21:07:58 | INFO | Processing audio with duration 00:04.505
2026-06-16 21:07:59 | INFO | Recognizing speech: E aí, se eu posso fechar esse negócio pra ele parar de rir?
2026-06-16 21:07:59 | INFO | Finished recording! Transcription saved to: output.txt
2026-06-16 21:08:00 | INFO | Arquivo salvo: C:\Users\guilh\Documents\VoiceWriter\testes_folder\Untitled 1.md
2026-06-16 21:08:03 | INFO | Processing audio with duration 00:03.460
2026-06-16 21:08:04 | INFO | Recognizing speech: Se eu ficar calado, ele some.
2026-06-16 21:08:04 | INFO | Finished recording! Transcription saved to: output.txt
2026-06-16 21:08:05 | INFO | Arquivo salvo: C:\Users\guilh\Documents\VoiceWriter\testes_folder\Untitled 1.md
2026-06-16 21:08:13 | INFO | Processing audio with duration 00:03.947
2026-06-16 21:08:14 | INFO | Recognizing speech: Também vai.
2026-06-16 21:08:14 | INFO | Finished recording! Transcription saved to: output.txt
2026-06-16 21:08:15 | INFO | Arquivo salvo: C:\Users\guilh\Documents\VoiceWriter\testes_folder\Untitled 1.md
2026-06-16 21:08:29 | INFO | Processing audio with duration 00:04.365
2026-06-16 21:08:30 | INFO | Recognizing speech: Era pra assumir.
2026-06-16 21:08:30 | INFO | Finished recording! Transcription saved to: output.txt
2026-06-16 21:08:31 | INFO | Arquivo salvo: C:\Users\guilh\Documents\VoiceWriter\testes_folder\Untitled 1.md
2026-06-16 21:08:34 | INFO | Processing audio with duration 00:04.133
2026-06-16 21:08:34 | INFO | Escuta interrompida com sucesso.
2026-06-16 21:08:35 | INFO | Recognizing speech: Hum, tem que rever a implementação então, não tá subindo.
2026-06-16 21:08:35 | INFO | Finished recording! Transcription saved to: output.txt
2026-06-16 21:08:36 | INFO | Arquivo salvo: C:\Users\guilh\Documents\VoiceWriter\testes_folder\Untitled 1.md
2026-06-16 21:08:42 | INFO | Arquivo salvo: C:\Users\guilh\Documents\VoiceWriter\testes_folder\Untitled 1.md
2026-06-16 21:08:45 | INFO | Arquivo salvo: C:\Users\guilh\Documents\VoiceWriter\testes_folder\Untitled 1.md
2026-06-17 01:16:41 | INFO | Assets path configured: C:\Users\guilh\Documents\VoiceWriter\assets
2026-06-17 01:16:41 | INFO | Starting up TCP server on localhost:54328
2026-06-17 01:16:41 | INFO | Flet app has started...
2026-06-17 01:16:41 | INFO | App URL: tcp://localhost:54328
2026-06-17 01:16:41 | INFO | Starting Flet View app...
2026-06-17 01:16:41 | INFO | Looking for Flet executable at: C:\Users\guilh\Documents\VoiceWriter\.venv\Lib\site-packages\flet_desktop\app\flet\flet.exe
2026-06-17 01:16:41 | INFO | Flet View found in: C:\Users\guilh\Documents\VoiceWriter\.venv\Lib\site-packages\flet_desktop\app\flet\flet.exe
2026-06-17 01:16:41 | INFO | App session started
2026-06-17 01:16:45 | INFO | Carregando Whisper Model: small.
2026-06-17 01:16:45 | INFO | Pre-warm concluído.
2026-06-17 01:16:45 | INFO | HTTP Request: GET https://huggingface.co/api/models/Systran/faster-whisper-small/revision/main "HTTP/1.1 200 OK"
2026-06-17 01:16:46 | INFO | Adjusted for ambient noise. Linstening...
2026-06-17 01:16:46 | INFO | Whisper Model 'small' pronto.
2026-06-17 01:16:53 | INFO | Listen end: <speech_recognition.audio.AudioData object at 0x00000272B7039D30>
2026-06-17 01:16:53 | INFO | Processing audio with duration 00:05.875
2026-06-17 01:16:53 | INFO | Recognizing speech: desligar com o computador. Alô galera, adeus!
2026-06-17 12:50:02 | INFO | Assets path configured: C:\Users\guilh\Documents\VoiceWriter\assets
2026-06-17 12:50:02 | INFO | Starting up TCP server on localhost:7969
2026-06-17 12:50:02 | INFO | Flet app has started...
2026-06-17 12:50:02 | INFO | App URL: tcp://localhost:7969
2026-06-17 12:50:02 | INFO | Starting Flet View app...
2026-06-17 12:50:02 | INFO | Looking for Flet executable at: C:\Users\guilh\Documents\VoiceWriter\.venv\Lib\site-packages\flet_desktop\app\flet\flet.exe
2026-06-17 12:50:02 | INFO | Flet View found in: C:\Users\guilh\Documents\VoiceWriter\.venv\Lib\site-packages\flet_desktop\app\flet\flet.exe
2026-06-17 12:50:03 | INFO | App session started
2026-06-17 12:50:13 | INFO | Carregando Whisper Model: small.
2026-06-17 12:50:13 | INFO | Pre-warm concluído.
2026-06-17 12:50:14 | INFO | HTTP Request: GET https://huggingface.co/api/models/Systran/faster-whisper-small/revision/main "HTTP/1.1 200 OK"
2026-06-17 12:50:15 | INFO | Whisper Model 'small' pronto.
2026-06-17 12:50:17 | INFO | Adjusted for ambient noise. Linstening...
2026-06-17 12:50:20 | INFO | Listen end: <speech_recognition.audio.AudioData object at 0x00000157AF7416A0>
2026-06-17 12:50:20 | INFO | Processing audio with duration 00:02.067
2026-06-17 12:50:21 | INFO | Recognizing speech: Alex Heligar, Outro!
2026-06-17 12:50:21 | INFO | Nenhum comando reconhecido nesta frase.
2026-06-17 12:50:25 | INFO | Adjusted for ambient noise. Linstening...
2026-06-17 12:50:28 | INFO | Listen end: <speech_recognition.audio.AudioData object at 0x00000157AF6B5F90>
2026-06-17 12:50:28 | INFO | Processing audio with duration 00:02.043
2026-06-17 12:50:29 | INFO | Recognizing speech: Ligar agora.
2026-06-17 12:50:29 | INFO | Nenhum comando reconhecido nesta frase.
2026-06-17 12:50:42 | INFO | Adjusted for ambient noise. Linstening...
2026-06-17 12:50:46 | INFO | Listen end: <speech_recognition.audio.AudioData object at 0x00000157AF6B6350>
2026-06-17 12:50:47 | INFO | Processing audio with duration 00:03.251
2026-06-17 12:50:49 | INFO | Recognizing speech: Alexis Ligarra Aure.
2026-06-17 12:50:49 | INFO | Nenhum comando reconhecido nesta frase.
2026-06-17 12:50:53 | INFO | Adjusted for ambient noise. Linstening...
2026-06-17 12:50:58 | INFO | Listen end: <speech_recognition.audio.AudioData object at 0x00000157AF627360>
2026-06-17 12:50:58 | INFO | Processing audio with duration 00:02.624
2026-06-17 12:50:59 | INFO | Recognizing speech: Alexa, Ligar, Aura.
2026-06-17 12:50:59 | INFO | Aura ativada!
2026-06-17 12:51:40 | INFO | Assets path configured: C:\Users\guilh\Documents\VoiceWriter\assets
2026-06-17 12:51:40 | INFO | Starting up TCP server on localhost:15508
2026-06-17 12:51:40 | INFO | Flet app has started...
2026-06-17 12:51:40 | INFO | App URL: tcp://localhost:15508
2026-06-17 12:51:40 | INFO | Starting Flet View app...
2026-06-17 12:51:40 | INFO | Looking for Flet executable at: C:\Users\guilh\Documents\VoiceWriter\.venv\Lib\site-packages\flet_desktop\app\flet\flet.exe
2026-06-17 12:51:40 | INFO | Flet View found in: C:\Users\guilh\Documents\VoiceWriter\.venv\Lib\site-packages\flet_desktop\app\flet\flet.exe
2026-06-17 12:51:40 | INFO | App session started
2026-06-17 12:51:43 | INFO | Carregando Whisper Model: small.
2026-06-17 12:51:43 | INFO | Pre-warm concluído.
2026-06-17 12:51:44 | INFO | HTTP Request: GET https://huggingface.co/api/models/Systran/faster-whisper-small/revision/main "HTTP/1.1 200 OK"
2026-06-17 12:51:45 | INFO | Whisper Model 'small' pronto.
2026-06-17 12:51:54 | INFO | Adjusted for ambient noise. Linstening...
2026-06-17 12:51:59 | INFO | Listen end: <speech_recognition.audio.AudioData object at 0x000002399F3C17F0>
2026-06-17 12:51:59 | INFO | Processing audio with duration 00:03.204
2026-06-17 12:51:59 | INFO | Recognizing speech: Abra o Google, crome!
2026-06-17 12:51:59 | INFO | Comando identificado! Tentando abrir: google, crome!...
2026-06-17 12:51:59 | INFO | Opening: google, crome!
2026-06-17 12:52:12 | INFO | Adjusted for ambient noise. Linstening...
2026-06-17 12:52:15 | INFO | Listen end: <speech_recognition.audio.AudioData object at 0x000002399F335F90>
2026-06-17 12:52:15 | INFO | Processing audio with duration 00:01.881
2026-06-17 12:52:15 | INFO | Recognizing speech: Abre o Google Chrome.
2026-06-17 12:52:15 | INFO | Comando identificado! Tentando abrir: google chrome....
2026-06-17 12:52:15 | INFO | Opening: google chrome.
2026-06-17 12:52:29 | INFO | Adjusted for ambient noise. Linstening...
2026-06-17 12:52:32 | INFO | Listen end: <speech_recognition.audio.AudioData object at 0x000002399F336350>
2026-06-17 12:52:33 | INFO | Processing audio with duration 00:02.392
2026-06-17 12:52:33 | INFO | Recognizing speech: Abra o TESC Manager
2026-06-17 12:52:33 | INFO | Comando identificado! Tentando abrir: tesc manager...
2026-06-17 12:52:33 | INFO | Opening: tesc manager
2026-06-17 12:52:54 | INFO | Adjusted for ambient noise. Linstening...
2026-06-17 12:52:57 | INFO | Listen end: <speech_recognition.audio.AudioData object at 0x000002399F2A7360>
2026-06-17 12:52:58 | INFO | Processing audio with duration 00:02.206
2026-06-17 12:52:59 | INFO | Recognizing speech: Eu vou ver o que há, hola.
2026-06-17 12:52:59 | INFO | Nenhum comando reconhecido nesta frase.
2026-06-17 12:53:03 | INFO | Adjusted for ambient noise. Linstening...
2026-06-17 12:53:09 | INFO | Listen end: <speech_recognition.audio.AudioData object at 0x000002399F2A75C0>
2026-06-17 12:53:10 | INFO | Processing audio with duration 00:05.039
2026-06-17 12:53:10 | INFO | Recognizing speech: Farmar Outer, Vigar Outer.
2026-06-17 12:53:10 | INFO | Nenhum comando reconhecido nesta frase.
2026-06-17 12:53:16 | INFO | Adjusted for ambient noise. Linstening...
2026-06-17 12:53:19 | INFO | Listen end: <speech_recognition.audio.AudioData object at 0x000002399C69E210>
2026-06-17 12:53:20 | INFO | Processing audio with duration 00:02.810
2026-06-17 12:53:20 | INFO | Recognizing speech: Então, Alexa ligar agora.
2026-06-17 12:53:20 | INFO | Aura ativada!
2026-06-17 12:57:02 | INFO | Assets path configured: C:\Users\guilh\Documents\VoiceWriter\assets
2026-06-17 12:57:02 | INFO | Starting up TCP server on localhost:56418
2026-06-17 12:57:02 | INFO | Flet app has started...
2026-06-17 12:57:02 | INFO | App URL: tcp://localhost:56418
2026-06-17 12:57:02 | INFO | Starting Flet View app...
2026-06-17 12:57:02 | INFO | Looking for Flet executable at: C:\Users\guilh\Documents\VoiceWriter\.venv\Lib\site-packages\flet_desktop\app\flet\flet.exe
2026-06-17 12:57:02 | INFO | Flet View found in: C:\Users\guilh\Documents\VoiceWriter\.venv\Lib\site-packages\flet_desktop\app\flet\flet.exe
2026-06-17 12:57:02 | INFO | App session started
2026-06-17 12:57:06 | INFO | Carregando Whisper Model: small.
2026-06-17 12:57:06 | INFO | Pre-warm concluído.
2026-06-17 12:57:06 | INFO | HTTP Request: GET https://huggingface.co/api/models/Systran/faster-whisper-small/revision/main "HTTP/1.1 200 OK"
2026-06-17 12:57:08 | INFO | Whisper Model 'small' pronto.
2026-06-17 12:57:11 | INFO | Carregando Whisper Model: large-v2.
2026-06-17 12:57:11 | INFO | HTTP Request: GET https://huggingface.co/api/models/Systran/faster-whisper-large-v2/revision/main "HTTP/1.1 200 OK"
2026-06-17 12:57:12 | INFO | Adjusted for ambient noise. Listening...
2026-06-17 12:57:15 | INFO | Whisper Model 'large-v2' pronto.
2026-06-17 12:57:17 | INFO | Processing audio with duration 00:03.135
2026-06-17 12:57:18 | INFO | Recognizing speech: falando aqui e ele vai transcrever no 3D Markdown.
2026-06-17 12:57:18 | INFO | Finished recording! Transcription saved to: output.txt
2026-06-17 12:57:19 | INFO | Arquivo salvo: C:\Users\guilh\Documents\VoiceWriter\testes_folder\Untitled 1.md
2026-06-17 12:57:22 | INFO | Processing audio with duration 00:04.435
2026-06-17 12:57:23 | INFO | Recognizing speech: Aí a gente teria que utilizar o WordErrorRate dentro de...
2026-06-17 12:57:23 | INFO | Finished recording! Transcription saved to: output.txt
2026-06-17 12:57:24 | INFO | Arquivo salvo: C:\Users\guilh\Documents\VoiceWriter\testes_folder\Untitled 1.md
2026-06-17 12:57:28 | INFO | Processing audio with duration 00:03.854
2026-06-17 12:57:29 | INFO | Recognizing speech: porque o word error rate eu não acho que seja tão útil no dos comandos
2026-06-17 12:57:29 | INFO | Finished recording! Transcription saved to: output.txt
2026-06-17 12:57:30 | INFO | Arquivo salvo: C:\Users\guilh\Documents\VoiceWriter\testes_folder\Untitled 1.md
2026-06-17 12:57:33 | INFO | Processing audio with duration 00:04.180
2026-06-17 12:57:34 | INFO | Recognizing speech: implementarmos features para melhorar a aplicação no geral.
2026-06-17 12:57:34 | INFO | Finished recording! Transcription saved to: output.txt
2026-06-17 12:57:35 | INFO | Arquivo salvo: C:\Users\guilh\Documents\VoiceWriter\testes_folder\Untitled 1.md
2026-06-17 12:57:40 | INFO | Processing audio with duration 00:04.505
2026-06-17 12:57:41 | INFO | Recognizing speech: Então, eu acho que vai incluir os dois, e todo mundo vai...
2026-06-17 12:57:41 | INFO | Finished recording! Transcription saved to: output.txt
2026-06-17 12:57:42 | INFO | Arquivo salvo: C:\Users\guilh\Documents\VoiceWriter\testes_folder\Untitled 1.md
2026-06-17 12:57:45 | INFO | Processing audio with duration 00:04.110
2026-06-17 12:57:46 | INFO | Recognizing speech: as coisas e de áudio nesse caso para não ficar tipo mandar voar
2026-06-17 12:57:46 | INFO | Finished recording! Transcription saved to: output.txt
2026-06-17 12:57:47 | INFO | Arquivo salvo: C:\Users\guilh\Documents\VoiceWriter\testes_folder\Untitled 1.md
2026-06-17 12:57:50 | INFO | Escuta interrompida com sucesso.
2026-06-17 16:29:41 | INFO | Assets path configured: C:\Users\guilh\Documents\VoiceWriter\assets
2026-06-17 16:29:41 | INFO | Starting up TCP server on localhost:48339
2026-06-17 16:29:41 | INFO | Flet app has started...
2026-06-17 16:29:41 | INFO | App URL: tcp://localhost:48339
2026-06-17 16:29:41 | INFO | Starting Flet View app...
2026-06-17 16:29:41 | INFO | Looking for Flet executable at: C:\Users\guilh\Documents\VoiceWriter\.venv\Lib\site-packages\flet_desktop\app\flet\flet.exe
2026-06-17 16:29:41 | INFO | Flet View found in: C:\Users\guilh\Documents\VoiceWriter\.venv\Lib\site-packages\flet_desktop\app\flet\flet.exe
2026-06-17 16:29:42 | INFO | App session started
2026-06-17 16:29:45 | INFO | Carregando Whisper Model: small.
2026-06-17 16:29:45 | INFO | Pre-warm concluído.
2026-06-17 16:29:46 | INFO | HTTP Request: GET https://huggingface.co/api/models/Systran/faster-whisper-small/revision/main "HTTP/1.1 200 OK"
2026-06-17 16:29:46 | INFO | Adjusted for ambient noise. Linstening...
2026-06-17 16:29:47 | INFO | Whisper Model 'small' pronto.
2026-06-17 16:29:50 | INFO | Listen end: <speech_recognition.audio.AudioData object at 0x000001C69EF99E80>
2026-06-17 16:29:51 | INFO | Processing audio with duration 00:02.299
2026-06-17 16:29:51 | INFO | Recognizing speech: para o Discord.
2026-06-17 16:29:51 | INFO | [ASR Metrics] success=True | latency=514ms | RTF=0.224 | confidence=60.37%
2026-06-17 16:29:51 | INFO | Nenhum comando reconhecido nesta frase.
2026-06-17 16:39:50 | INFO | Assets path configured: C:\Users\guilh\Documents\VoiceWriter\assets
2026-06-17 16:39:50 | INFO | Starting up TCP server on localhost:23941
2026-06-17 16:39:50 | INFO | Flet app has started...
2026-06-17 16:39:50 | INFO | App URL: tcp://localhost:23941
2026-06-17 16:39:50 | INFO | Starting Flet View app...
2026-06-17 16:39:50 | INFO | Looking for Flet executable at: C:\Users\guilh\Documents\VoiceWriter\.venv\Lib\site-packages\flet_desktop\app\flet\flet.exe
2026-06-17 16:39:50 | INFO | Flet View found in: C:\Users\guilh\Documents\VoiceWriter\.venv\Lib\site-packages\flet_desktop\app\flet\flet.exe
2026-06-17 16:39:51 | INFO | App session started
2026-06-17 16:39:54 | INFO | Carregando Whisper Model: small.
2026-06-17 16:39:54 | INFO | Pre-warm concluído.
2026-06-17 16:39:54 | INFO | HTTP Request: GET https://huggingface.co/api/models/Systran/faster-whisper-small/revision/main "HTTP/1.1 200 OK"
2026-06-17 16:39:55 | INFO | Adjusted for ambient noise. Linstening...
2026-06-17 16:39:55 | INFO | Whisper Model 'small' pronto.
2026-06-17 16:40:01 | INFO | Listen end: <speech_recognition.audio.AudioData object at 0x000002A4FEA89E80>
2026-06-17 16:40:01 | INFO | Processing audio with duration 00:04.598
2026-06-17 16:40:01 | INFO | Recognizing speech: Oi, abra o Discord, depois abra o Google Chrome.
2026-06-17 16:40:01 | INFO | [ASR Metrics] confidence=66.59%
2026-06-17 16:40:01 | INFO | [time_transcription] _recognize_speech_turbo levou 662.43ms
2026-06-17 16:40:01 | INFO | Comando identificado! Tentando abrir: discord, depois abra o google chrome....
2026-06-17 16:40:01 | INFO | Opening: discord, depois abra o google chrome.
2026-06-17 16:40:02 | ERROR | Erro no reconhecimento: 'Page' object has no attribute 'open'
2026-06-17 16:42:21 | INFO | Assets path configured: C:\Users\guilh\Documents\VoiceWriter\assets
2026-06-17 16:42:21 | INFO | Starting up TCP server on localhost:62068
2026-06-17 16:42:21 | INFO | Flet app has started...
2026-06-17 16:42:21 | INFO | App URL: tcp://localhost:62068
2026-06-17 16:42:21 | INFO | Starting Flet View app...
2026-06-17 16:42:21 | INFO | Looking for Flet executable at: C:\Users\guilh\Documents\VoiceWriter\.venv\Lib\site-packages\flet_desktop\app\flet\flet.exe
2026-06-17 16:42:21 | INFO | Flet View found in: C:\Users\guilh\Documents\VoiceWriter\.venv\Lib\site-packages\flet_desktop\app\flet\flet.exe
2026-06-17 16:42:21 | INFO | App session started
2026-06-17 16:42:24 | INFO | Carregando Whisper Model: small.
2026-06-17 16:42:24 | INFO | Pre-warm concluído.
2026-06-17 16:42:25 | INFO | HTTP Request: GET https://huggingface.co/api/models/Systran/faster-whisper-small/revision/main "HTTP/1.1 200 OK"
2026-06-17 16:42:26 | INFO | Whisper Model 'small' pronto.
2026-06-17 16:42:30 | INFO | Adjusted for ambient noise. Linstening...
2026-06-17 16:42:33 | INFO | Listen end: <speech_recognition.audio.AudioData object at 0x000001BF2BEC5940>
2026-06-17 16:42:33 | INFO | Processing audio with duration 00:02.345
2026-06-17 16:42:34 | INFO | Recognizing speech: Abre o Google Chrome.
2026-06-17 16:42:34 | INFO | [ASR Metrics] confidence=79.16%
2026-06-17 16:42:34 | INFO | [time_transcription] _recognize_speech_turbo levou 734.00ms
2026-06-17 16:42:34 | INFO | Comando identificado! Tentando abrir: google chrome....
2026-06-17 16:42:34 | INFO | Opening: google chrome.
2026-06-17 16:42:39 | ERROR | Unhandled error in 'on_click' handler
Traceback (most recent call last):
  File "C:\Users\guilh\Documents\VoiceWriter\.venv\Lib\site-packages\flet\messaging\session.py", line 194, in dispatch_event
    await control._trigger_event(event_name, event_data)
  File "C:\Users\guilh\Documents\VoiceWriter\.venv\Lib\site-packages\flet\controls\base_control.py", line 344, in _trigger_event
    event_handler(e)
    ~~~~~~~~~~~~~^^^
  File "C:\Users\guilh\Documents\VoiceWriter\frontend\widgets\mic.py", line 85, in on_sim
    self.page.pop_dialog(dialog)
    ~~~~~~~~~~~~~~~~~~~~^^^^^^^^
TypeError: BasePage.pop_dialog() takes 1 positional argument but 2 were given
2026-06-17 16:42:44 | ERROR | exception calling callback for <Future at 0x1bf2badd590 state=finished raised RuntimeError>
Traceback (most recent call last):
  File "C:\Users\guilh\AppData\Roaming\uv\python\cpython-3.13.3-windows-x86_64-none\Lib\concurrent\futures\_base.py", line 340, in _invoke_callbacks
    callback(self)
    ~~~~~~~~^^^^^^
  File "C:\Users\guilh\Documents\VoiceWriter\.venv\Lib\site-packages\flet\controls\page.py", line 504, in _on_completion
    raise exception
  File "C:\Users\guilh\Documents\VoiceWriter\frontend\widgets\mic.py", line 54, in pulse_animation
    container_button.update()
    ~~~~~~~~~~~~~~~~~~~~~~~^^
  File "C:\Users\guilh\Documents\VoiceWriter\.venv\Lib\site-packages\flet\controls\base_control.py", line 257, in update
    self.page.update(self)
    ~~~~~~~~~~~~~~~~^^^^^^
  File "C:\Users\guilh\Documents\VoiceWriter\.venv\Lib\site-packages\flet\controls\page.py", line 454, in update
    self.__update(*controls)
    ~~~~~~~~~~~~~^^^^^^^^^^^
  File "C:\Users\guilh\Documents\VoiceWriter\.venv\Lib\site-packages\flet\controls\page.py", line 461, in __update
    self.session.patch_control(c)
    ^^^^^^^^^^^^
  File "C:\Users\guilh\Documents\VoiceWriter\.venv\Lib\site-packages\flet\controls\page.py", line 840, in session
    raise RuntimeError("An attempt to fetch destroyed session.")
RuntimeError: An attempt to fetch destroyed session.
2026-06-17 16:52:04 | INFO | Assets path configured: C:\Users\guilh\Documents\VoiceWriter\assets
2026-06-17 16:52:04 | INFO | Starting up TCP server on localhost:3898
2026-06-17 16:52:04 | INFO | Flet app has started...
2026-06-17 16:52:04 | INFO | App URL: tcp://localhost:3898
2026-06-17 16:52:04 | INFO | Starting Flet View app...
2026-06-17 16:52:04 | INFO | Looking for Flet executable at: C:\Users\guilh\Documents\VoiceWriter\.venv\Lib\site-packages\flet_desktop\app\flet\flet.exe
2026-06-17 16:52:04 | INFO | Flet View found in: C:\Users\guilh\Documents\VoiceWriter\.venv\Lib\site-packages\flet_desktop\app\flet\flet.exe
2026-06-17 16:52:04 | INFO | App session started
2026-06-17 16:52:07 | INFO | Carregando Whisper Model: small.
2026-06-17 16:52:07 | INFO | Pre-warm concluído.
2026-06-17 16:52:08 | INFO | HTTP Request: GET https://huggingface.co/api/models/Systran/faster-whisper-small/revision/main "HTTP/1.1 200 OK"
2026-06-17 16:52:09 | INFO | Adjusted for ambient noise. Linstening...
2026-06-17 16:52:09 | INFO | Whisper Model 'small' pronto.
2026-06-17 16:52:13 | INFO | Listen end: <speech_recognition.audio.AudioData object at 0x0000013E288C5FD0>
2026-06-17 16:52:13 | INFO | Processing audio with duration 00:03.320
2026-06-17 16:52:14 | INFO | Recognizing speech: abro o discurso de...
2026-06-17 16:52:14 | INFO | [ASR Metrics] confidence=37.88%
2026-06-17 16:52:14 | INFO | [time_transcription] _recognize_speech_turbo levou 1146.91ms
2026-06-17 16:52:14 | INFO | Comando identificado! Tentando abrir: discurso de......
2026-06-17 16:52:14 | INFO | Opening: discurso de...
2026-06-17 16:52:27 | INFO | [Feedback] ✓ | Session success rate: 100.0% (1/1)
2026-06-17 16:52:57 | INFO | Assets path configured: C:\Users\guilh\Documents\VoiceWriter\assets
2026-06-17 16:52:57 | INFO | Starting up TCP server on localhost:64980
2026-06-17 16:52:57 | INFO | Flet app has started...
2026-06-17 16:52:57 | INFO | App URL: tcp://localhost:64980
2026-06-17 16:52:57 | INFO | Starting Flet View app...
2026-06-17 16:52:57 | INFO | Looking for Flet executable at: C:\Users\guilh\Documents\VoiceWriter\.venv\Lib\site-packages\flet_desktop\app\flet\flet.exe
2026-06-17 16:52:57 | INFO | Flet View found in: C:\Users\guilh\Documents\VoiceWriter\.venv\Lib\site-packages\flet_desktop\app\flet\flet.exe
2026-06-17 16:52:58 | INFO | App session started
2026-06-17 16:53:01 | INFO | Carregando Whisper Model: small.
2026-06-17 16:53:01 | INFO | Pre-warm concluído.
2026-06-17 16:53:02 | INFO | HTTP Request: GET https://huggingface.co/api/models/Systran/faster-whisper-small/revision/main "HTTP/1.1 200 OK"
2026-06-17 16:53:02 | INFO | Adjusted for ambient noise. Linstening...
2026-06-17 16:53:03 | INFO | Whisper Model 'small' pronto.
2026-06-17 16:53:06 | INFO | Listen end: <speech_recognition.audio.AudioData object at 0x0000025067CA5FD0>
2026-06-17 16:53:06 | INFO | Processing audio with duration 00:02.601
2026-06-17 16:53:07 | INFO | Recognizing speech: Abro o Discord
2026-06-17 16:53:07 | INFO | [ASR Metrics] confidence=55.23%
2026-06-17 16:53:07 | INFO | [time_transcription] _recognize_speech_turbo levou 452.20ms
2026-06-17 16:53:07 | INFO | Comando identificado! Tentando abrir: discord...
2026-06-17 16:53:07 | INFO | Opening: discord
2026-06-17 16:53:09 | INFO | [Feedback] ✓ | Session success rate: 100.0% (1/1)
2026-06-17 16:56:36 | INFO | Assets path configured: C:\Users\guilh\Documents\VoiceWriter\assets
2026-06-17 16:56:36 | INFO | Starting up TCP server on localhost:2309
2026-06-17 16:56:36 | INFO | Flet app has started...
2026-06-17 16:56:36 | INFO | App URL: tcp://localhost:2309
2026-06-17 16:56:36 | INFO | Starting Flet View app...
2026-06-17 16:56:36 | INFO | Looking for Flet executable at: C:\Users\guilh\Documents\VoiceWriter\.venv\Lib\site-packages\flet_desktop\app\flet\flet.exe
2026-06-17 16:56:36 | INFO | Flet View found in: C:\Users\guilh\Documents\VoiceWriter\.venv\Lib\site-packages\flet_desktop\app\flet\flet.exe
2026-06-17 16:56:37 | INFO | App session started
2026-06-17 16:56:40 | INFO | Carregando Whisper Model: small.
2026-06-17 16:56:40 | INFO | Pre-warm concluído.
2026-06-17 16:56:41 | INFO | HTTP Request: GET https://huggingface.co/api/models/Systran/faster-whisper-small/revision/main "HTTP/1.1 200 OK"
2026-06-17 16:56:41 | INFO | Adjusted for ambient noise. Linstening...
2026-06-17 16:56:41 | INFO | Whisper Model 'small' pronto.
2026-06-17 16:56:45 | INFO | Listen end: <speech_recognition.audio.AudioData object at 0x0000029C4AD99E80>
2026-06-17 16:56:45 | INFO | Processing audio with duration 00:02.717
2026-06-17 16:56:45 | INFO | Recognizing speech: Feche o Discord.
2026-06-17 16:56:45 | INFO | [ASR Metrics] confidence=77.57%
2026-06-17 16:56:45 | INFO | [time_transcription] _recognize_speech_turbo levou 445.08ms
2026-06-17 16:56:45 | INFO | Comando identificado! Tentando fechar: discord....
2026-06-17 16:56:45 | INFO | Closing: discord.
2026-06-17 16:56:49 | INFO | [Feedback] ✓ | Session success rate: 100.0% (1/1)
2026-06-17 16:56:54 | INFO | Adjusted for ambient noise. Linstening...
2026-06-17 16:56:58 | INFO | Listen end: <speech_recognition.audio.AudioData object at 0x0000029C4AE0D090>
2026-06-17 16:56:58 | INFO | Processing audio with duration 00:02.299
2026-06-17 16:56:58 | INFO | Recognizing speech: Abro o Discord.
2026-06-17 16:56:58 | INFO | [ASR Metrics] confidence=74.76%
2026-06-17 16:56:58 | INFO | [time_transcription] _recognize_speech_turbo levou 556.09ms
2026-06-17 16:56:58 | INFO | Comando identificado! Tentando abrir: discord....
2026-06-17 16:56:58 | INFO | Opening: discord.
2026-06-17 16:57:03 | INFO | [Feedback] ✓ | Session success rate: 100.0% (2/2)
2026-06-17 17:03:15 | INFO | Assets path configured: C:\Users\guilh\Documents\VoiceWriter\assets
2026-06-17 17:03:15 | INFO | Starting up TCP server on localhost:48494
2026-06-17 17:03:15 | INFO | Flet app has started...
2026-06-17 17:03:15 | INFO | App URL: tcp://localhost:48494
2026-06-17 17:03:15 | INFO | Starting Flet View app...
2026-06-17 17:03:15 | INFO | Looking for Flet executable at: C:\Users\guilh\Documents\VoiceWriter\.venv\Lib\site-packages\flet_desktop\app\flet\flet.exe
2026-06-17 17:03:15 | INFO | Flet View found in: C:\Users\guilh\Documents\VoiceWriter\.venv\Lib\site-packages\flet_desktop\app\flet\flet.exe
2026-06-17 17:03:15 | INFO | App session started
2026-06-17 17:03:18 | INFO | Carregando Whisper Model: small.
2026-06-17 17:03:18 | INFO | Pre-warm concluído.
2026-06-17 17:03:19 | INFO | HTTP Request: GET https://huggingface.co/api/models/Systran/faster-whisper-small/revision/main "HTTP/1.1 200 OK"
2026-06-17 17:03:19 | INFO | Adjusted for ambient noise. Linstening...
2026-06-17 17:03:20 | INFO | Whisper Model 'small' pronto.
2026-06-17 17:03:23 | INFO | Listen end: <speech_recognition.audio.AudioData object at 0x000001451AA49E80>
2026-06-17 17:03:23 | INFO | Processing audio with duration 00:02.345
2026-06-17 17:03:23 | INFO | Recognizing speech: Feche o Discord para eu testar as novas...
2026-06-17 17:03:23 | INFO | [ASR Metrics] latency=504ms | RTF=0.215 | confidence=85.11%
2026-06-17 17:03:23 | INFO | Comando identificado! Tentando fechar: discord para eu testar as novas......
2026-06-17 17:03:23 | INFO | Closing: discord para eu testar as novas...
2026-06-17 17:03:31 | INFO | [Feedback] ✓ | Session success rate: 100.0% (1/1)
2026-06-17 17:26:39 | INFO | Assets path configured: C:\Users\guilh\Documents\VoiceWriter\assets
2026-06-17 17:26:39 | INFO | Starting up TCP server on localhost:30617
2026-06-17 17:26:39 | INFO | Flet app has started...
2026-06-17 17:26:39 | INFO | App URL: tcp://localhost:30617
2026-06-17 17:26:39 | INFO | Starting Flet View app...
2026-06-17 17:26:39 | INFO | Looking for Flet executable at: C:\Users\guilh\Documents\VoiceWriter\.venv\Lib\site-packages\flet_desktop\app\flet\flet.exe
2026-06-17 17:26:39 | INFO | Flet View found in: C:\Users\guilh\Documents\VoiceWriter\.venv\Lib\site-packages\flet_desktop\app\flet\flet.exe
2026-06-17 17:26:39 | INFO | App session started
2026-06-17 17:26:43 | INFO | Carregando Whisper Model: small.
2026-06-17 17:26:43 | INFO | Pre-warm concluído.
2026-06-17 17:26:44 | INFO | HTTP Request: GET https://huggingface.co/api/models/Systran/faster-whisper-small/revision/main "HTTP/1.1 200 OK"
2026-06-17 17:26:45 | INFO | Whisper Model 'small' pronto.
2026-06-17 17:27:40 | INFO | Assets path configured: C:\Users\guilh\Documents\VoiceWriter\assets
2026-06-17 17:27:40 | INFO | Starting up TCP server on localhost:4660
2026-06-17 17:27:40 | INFO | Flet app has started...
2026-06-17 17:27:40 | INFO | App URL: tcp://localhost:4660
2026-06-17 17:27:40 | INFO | Starting Flet View app...
2026-06-17 17:27:40 | INFO | Looking for Flet executable at: C:\Users\guilh\Documents\VoiceWriter\.venv\Lib\site-packages\flet_desktop\app\flet\flet.exe
2026-06-17 17:27:40 | INFO | Flet View found in: C:\Users\guilh\Documents\VoiceWriter\.venv\Lib\site-packages\flet_desktop\app\flet\flet.exe
2026-06-17 17:27:41 | INFO | App session started
2026-06-17 17:27:45 | INFO | Carregando Whisper Model: small.
2026-06-17 17:27:45 | INFO | Pre-warm concluído.
2026-06-17 17:27:46 | INFO | HTTP Request: GET https://huggingface.co/api/models/Systran/faster-whisper-small/revision/main "HTTP/1.1 200 OK"
2026-06-17 17:27:46 | INFO | Adjusted for ambient noise. Linstening...
2026-06-17 17:27:46 | INFO | Whisper Model 'small' pronto.
2026-06-17 17:27:50 | INFO | Listen end: <speech_recognition.audio.AudioData object at 0x000001FF67359E80>
2026-06-17 17:27:50 | INFO | Processing audio with duration 00:02.879
2026-06-17 17:27:51 | INFO | Recognizing speech: falo. Abra o Google Chrome.
2026-06-17 17:27:51 | INFO | [ASR Metrics] latency=587ms | RTF=0.204 | confidence=86.31%
2026-06-17 17:27:51 | INFO | Comando identificado! Tentando abrir: google chrome....
2026-06-17 17:27:51 | INFO | Opening: google chrome.
2026-06-17 17:28:03 | INFO | [Feedback] ✓ | Session success rate: 100.0% (1/1)
2026-06-17 17:28:03 | INFO | [Metrics] Salvo localmente em C:\Users\guilh\Documents\VoiceWriter\voice\data\feedback_metrics.json (1 registros)
2026-06-17 17:28:03 | ERROR | [Metrics] Erro ao salvar no MongoDB: No module named 'pymongo'
2026-06-17 17:29:47 | INFO | Movido: C:\Users\guilh\Documents\VoiceWriter\testes_folder\Vault\Untitled.md -> C:\Users\guilh\Documents\VoiceWriter\testes_folder\Untitled 4\Untitled.md
2026-06-17 17:29:48 | INFO | Movido: C:\Users\guilh\Documents\VoiceWriter\testes_folder\Untitled 4\Untitled.md -> C:\Users\guilh\Documents\VoiceWriter\testes_folder\Vault\Untitled.md
2026-06-17 17:29:56 | INFO | Arquivo salvo: C:\Users\guilh\Documents\VoiceWriter\testes_folder\Untitled 1.md
2026-06-17 17:29:58 | INFO | Carregando Whisper Model: large-v2.
2026-06-17 17:29:58 | INFO | HTTP Request: GET https://huggingface.co/api/models/Systran/faster-whisper-large-v2/revision/main "HTTP/1.1 200 OK"
2026-06-17 17:29:59 | INFO | Adjusted for ambient noise. Listening...
2026-06-17 17:30:03 | INFO | Whisper Model 'large-v2' pronto.
2026-06-17 17:30:04 | INFO | Processing audio with duration 00:04.040
2026-06-17 17:30:05 | INFO | Recognizing speech: Ele transcreve em tempo real o que eu tô falando a cada sentido.
2026-06-17 17:30:05 | INFO | [ASR Metrics] latency=1094ms | RTF=0.271 | confidence=72.43%
2026-06-17 17:30:05 | INFO | Finished recording! Transcription saved to: output.txt
2026-06-17 17:30:06 | INFO | Arquivo salvo: C:\Users\guilh\Documents\VoiceWriter\testes_folder\Untitled 1.md
2026-06-17 17:30:09 | INFO | Processing audio with duration 00:03.692
2026-06-17 17:30:10 | INFO | Recognizing speech: cortando minha fala e adiciona ali dentro do Markdown
2026-06-17 17:30:10 | INFO | [ASR Metrics] latency=1152ms | RTF=0.312 | confidence=72.55%
2026-06-17 17:30:10 | INFO | Finished recording! Transcription saved to: output.txt
2026-06-17 17:30:11 | INFO | Arquivo salvo: C:\Users\guilh\Documents\VoiceWriter\testes_folder\Untitled 1.md
2026-06-17 17:30:14 | INFO | Processing audio with duration 00:04.133
2026-06-17 17:30:15 | INFO | Recognizing speech: para fazer anotações dentro do Obsidian, por exemplo, só que...
2026-06-17 17:30:15 | INFO | [ASR Metrics] latency=1171ms | RTF=0.283 | confidence=70.47%
2026-06-17 17:30:15 | INFO | Finished recording! Transcription saved to: output.txt
2026-06-17 17:30:16 | INFO | Arquivo salvo: C:\Users\guilh\Documents\VoiceWriter\testes_folder\Untitled 1.md
2026-06-17 17:30:18 | INFO | Escuta interrompida com sucesso.
2026-06-17 17:30:25 | INFO | Adjusted for ambient noise. Linstening...
2026-06-17 17:30:30 | INFO | Listen end: <speech_recognition.audio.AudioData object at 0x000001FF67431EB0>
2026-06-17 17:30:30 | INFO | Processing audio with duration 00:03.669
2026-06-17 17:30:30 | INFO | Recognizing speech: Se apertar F9 aqui, abre o Google Chrome.
2026-06-17 17:30:30 | INFO | [ASR Metrics] latency=393ms | RTF=0.107 | confidence=77.96%
2026-06-17 17:30:30 | INFO | Comando identificado! Tentando abrir: google chrome....
2026-06-17 17:30:30 | INFO | Opening: google chrome.
2026-06-17 17:30:36 | INFO | [Feedback] ✓ | Session success rate: 100.0% (1/1)
2026-06-17 17:30:36 | INFO | [Metrics] Salvo localmente em C:\Users\guilh\Documents\VoiceWriter\voice\data\feedback_metrics.json (2 registros)
2026-06-17 17:30:36 | ERROR | [Metrics] Erro ao salvar no MongoDB: No module named 'pymongo'
2026-06-17 17:39:53 | INFO | Assets path configured: C:\Users\guilh\Documents\VoiceWriter\assets
2026-06-17 17:39:53 | INFO | Starting up TCP server on localhost:44947
2026-06-17 17:39:53 | INFO | Flet app has started...
2026-06-17 17:39:53 | INFO | App URL: tcp://localhost:44947
2026-06-17 17:39:53 | INFO | Starting Flet View app...
2026-06-17 17:39:53 | INFO | Looking for Flet executable at: C:\Users\guilh\Documents\VoiceWriter\.venv\Lib\site-packages\flet_desktop\app\flet\flet.exe
2026-06-17 17:39:53 | INFO | Flet View found in: C:\Users\guilh\Documents\VoiceWriter\.venv\Lib\site-packages\flet_desktop\app\flet\flet.exe
2026-06-17 17:39:53 | INFO | App session started
2026-06-17 17:39:57 | INFO | Carregando Whisper Model: small.
2026-06-17 17:39:57 | INFO | Pre-warm concluído.
2026-06-17 17:39:58 | INFO | HTTP Request: GET https://huggingface.co/api/models/Systran/faster-whisper-small/revision/main "HTTP/1.1 200 OK"
2026-06-17 17:39:59 | INFO | Whisper Model 'small' pronto.
2026-06-17 17:40:17 | INFO | Adjusted for ambient noise. Linstening...
2026-06-17 17:40:21 | ERROR | exception calling callback for <Future at 0x29363049480 state=finished raised RuntimeError>
Traceback (most recent call last):
  File "C:\Users\guilh\AppData\Roaming\uv\python\cpython-3.13.3-windows-x86_64-none\Lib\concurrent\futures\_base.py", line 340, in _invoke_callbacks
    callback(self)
    ~~~~~~~~^^^^^^
  File "C:\Users\guilh\Documents\VoiceWriter\.venv\Lib\site-packages\flet\controls\page.py", line 504, in _on_completion
    raise exception
  File "C:\Users\guilh\Documents\VoiceWriter\frontend\widgets\mic.py", line 44, in pulse_animation
    container_button.update()
    ~~~~~~~~~~~~~~~~~~~~~~~^^
  File "C:\Users\guilh\Documents\VoiceWriter\.venv\Lib\site-packages\flet\controls\base_control.py", line 257, in update
    self.page.update(self)
    ~~~~~~~~~~~~~~~~^^^^^^
  File "C:\Users\guilh\Documents\VoiceWriter\.venv\Lib\site-packages\flet\controls\page.py", line 454, in update
    self.__update(*controls)
    ~~~~~~~~~~~~~^^^^^^^^^^^
  File "C:\Users\guilh\Documents\VoiceWriter\.venv\Lib\site-packages\flet\controls\page.py", line 461, in __update
    self.session.patch_control(c)
    ^^^^^^^^^^^^
  File "C:\Users\guilh\Documents\VoiceWriter\.venv\Lib\site-packages\flet\controls\page.py", line 840, in session
    raise RuntimeError("An attempt to fetch destroyed session.")
RuntimeError: An attempt to fetch destroyed session.
2026-06-17 17:40:24 | INFO | Listen end: <speech_recognition.audio.AudioData object at 0x000002933E4EB8C0>
2026-06-17 17:40:24 | INFO | Processing audio with duration 00:06.920
2026-06-17 17:40:24 | INFO | Recognizing speech: tem uma latência antes de iniciar a detecção de voz. Quer ver? Vou fechar aqui e abri de novo.
2026-06-17 17:40:24 | INFO | [ASR Metrics] latency=845ms | RTF=0.122 | confidence=86.06%
2026-06-17 17:40:24 | INFO | Comando identificado! Tentando fechar: aqui e abri de novo....
2026-06-17 17:40:24 | INFO | Closing: aqui e abri de novo.
2026-06-17 17:40:28 | INFO | Assets path configured: C:\Users\guilh\Documents\VoiceWriter\assets
2026-06-17 17:40:28 | INFO | Starting up TCP server on localhost:52534
2026-06-17 17:40:28 | INFO | Flet app has started...
2026-06-17 17:40:28 | INFO | App URL: tcp://localhost:52534
2026-06-17 17:40:28 | INFO | Starting Flet View app...
2026-06-17 17:40:28 | INFO | Looking for Flet executable at: C:\Users\guilh\Documents\VoiceWriter\.venv\Lib\site-packages\flet_desktop\app\flet\flet.exe
2026-06-17 17:40:28 | INFO | Flet View found in: C:\Users\guilh\Documents\VoiceWriter\.venv\Lib\site-packages\flet_desktop\app\flet\flet.exe
2026-06-17 17:40:28 | INFO | App session started
2026-06-17 17:40:31 | INFO | Carregando Whisper Model: small.
2026-06-17 17:40:31 | INFO | Pre-warm concluído.
2026-06-17 17:40:32 | INFO | HTTP Request: GET https://huggingface.co/api/models/Systran/faster-whisper-small/revision/main "HTTP/1.1 200 OK"
2026-06-17 17:40:33 | INFO | Adjusted for ambient noise. Linstening...
2026-06-17 17:40:33 | INFO | Whisper Model 'small' pronto.
2026-06-17 17:40:38 | INFO | Listen end: <speech_recognition.audio.AudioData object at 0x0000025075219E80>
2026-06-17 17:40:39 | INFO | Processing audio with duration 00:04.621
2026-06-17 17:40:43 | INFO | Recognizing speech: 
2026-06-17 17:40:43 | INFO | [ASR Metrics] latency=4031ms | RTF=0.872
2026-06-17 17:41:36 | INFO | Assets path configured: C:\Users\guilh\Documents\VoiceWriter\assets
2026-06-17 17:41:36 | INFO | Starting up TCP server on localhost:54536
2026-06-17 17:41:36 | INFO | Flet app has started...
2026-06-17 17:41:36 | INFO | App URL: tcp://localhost:54536
2026-06-17 17:41:36 | INFO | Starting Flet View app...
2026-06-17 17:41:36 | INFO | Looking for Flet executable at: C:\Users\guilh\Documents\VoiceWriter\.venv\Lib\site-packages\flet_desktop\app\flet\flet.exe
2026-06-17 17:41:36 | INFO | Flet View found in: C:\Users\guilh\Documents\VoiceWriter\.venv\Lib\site-packages\flet_desktop\app\flet\flet.exe
2026-06-17 17:41:37 | INFO | App session started
2026-06-17 17:41:40 | INFO | Carregando Whisper Model: small.
2026-06-17 17:41:40 | INFO | Pre-warm concluído.
2026-06-17 17:41:41 | INFO | HTTP Request: GET https://huggingface.co/api/models/Systran/faster-whisper-small/revision/main "HTTP/1.1 200 OK"
2026-06-17 17:41:41 | INFO | Adjusted for ambient noise. Linstening...
2026-06-17 17:41:41 | INFO | Whisper Model 'small' pronto.
2026-06-17 17:41:49 | INFO | Listen end: <speech_recognition.audio.AudioData object at 0x0000020A9F9A9E80>
2026-06-17 17:41:49 | INFO | Processing audio with duration 00:07.454
2026-06-17 17:41:49 | INFO | Recognizing speech: alô alô abre o google alô aqui ó já está ajustado para o
2026-06-17 17:41:49 | INFO | [ASR Metrics] latency=805ms | RTF=0.108 | confidence=75.34%
2026-06-17 17:41:49 | INFO | Comando identificado! Tentando abrir: google alô aqui ó já está ajustado para o...
2026-06-17 17:41:49 | INFO | Opening: google alô aqui ó já está ajustado para o
2026-06-17 17:41:49 | ERROR | Erro no reconhecimento: GOOGLE AL  AQUI   J  EST  AJUSTADO PARA O is not running
2026-06-17 17:43:37 | INFO | Assets path configured: C:\Users\guilh\Documents\VoiceWriter\assets
2026-06-17 17:43:37 | INFO | Starting up TCP server on localhost:3325
2026-06-17 17:43:37 | INFO | Flet app has started...
2026-06-17 17:43:37 | INFO | App URL: tcp://localhost:3325
2026-06-17 17:43:37 | INFO | Starting Flet View app...
2026-06-17 17:43:37 | INFO | Looking for Flet executable at: C:\Users\guilh\Documents\VoiceWriter\.venv\Lib\site-packages\flet_desktop\app\flet\flet.exe
2026-06-17 17:43:37 | INFO | Flet View found in: C:\Users\guilh\Documents\VoiceWriter\.venv\Lib\site-packages\flet_desktop\app\flet\flet.exe
2026-06-17 17:43:38 | INFO | App session started
2026-06-17 17:43:42 | INFO | Carregando Whisper Model: small.
2026-06-17 17:43:42 | INFO | Pre-warm concluído.
2026-06-17 17:43:43 | INFO | HTTP Request: GET https://huggingface.co/api/models/Systran/faster-whisper-small/revision/main "HTTP/1.1 200 OK"
2026-06-17 17:43:43 | INFO | Whisper Model 'small' pronto.
2026-06-17 17:43:49 | INFO | Carregando Whisper Model: large-v2.
2026-06-17 17:43:49 | INFO | HTTP Request: GET https://huggingface.co/api/models/Systran/faster-whisper-large-v2/revision/main "HTTP/1.1 200 OK"
2026-06-17 17:43:50 | INFO | Adjusted for ambient noise. Listening...
2026-06-17 17:43:53 | INFO | Whisper Model 'large-v2' pronto.
2026-06-17 17:43:55 | INFO | Processing audio with duration 00:02.879
2026-06-17 17:43:56 | INFO | Recognizing speech: E aí
2026-06-17 17:43:56 | INFO | [ASR Metrics] latency=1057ms | RTF=0.367 | confidence=50.68%
2026-06-17 17:43:56 | INFO | Finished recording! Transcription saved to: output.txt
2026-06-17 17:43:57 | INFO | Arquivo salvo: C:\Users\guilh\Documents\VoiceWriter\testes_folder\Untitled 1.md
2026-06-17 17:44:00 | INFO | Processing audio with duration 00:03.460
2026-06-17 17:44:01 | INFO | Recognizing speech: E aí
2026-06-17 17:44:01 | INFO | [ASR Metrics] latency=855ms | RTF=0.247 | confidence=51.48%
2026-06-17 17:44:01 | INFO | Finished recording! Transcription saved to: output.txt
2026-06-17 17:44:02 | INFO | Arquivo salvo: C:\Users\guilh\Documents\VoiceWriter\testes_folder\Untitled 1.md
2026-06-17 17:44:04 | INFO | Escuta interrompida com sucesso.
2026-06-17 17:44:18 | INFO | Adjusted for ambient noise. Listening...
2026-06-17 17:44:23 | INFO | Processing audio with duration 00:03.994
2026-06-17 17:44:24 | INFO | Escuta interrompida com sucesso.
2026-06-17 17:44:26 | INFO | Recognizing speech: Hum... Que horas?
2026-06-17 17:44:26 | INFO | [ASR Metrics] latency=3312ms | RTF=0.829 | confidence=14.10%
2026-06-17 17:44:26 | INFO | Finished recording! Transcription saved to: output.txt
2026-06-17 17:44:27 | INFO | Arquivo salvo: C:\Users\guilh\Documents\VoiceWriter\testes_folder\Untitled 1.md
2026-06-17 17:44:29 | INFO | Adjusted for ambient noise. Listening...
2026-06-17 17:44:34 | INFO | Processing audio with duration 00:04.272
2026-06-17 17:44:35 | INFO | Recognizing speech: ...que ele não consegue parar a gravação depois de detectar...
2026-06-17 17:44:35 | INFO | [ASR Metrics] latency=1205ms | RTF=0.282 | confidence=77.16%
2026-06-17 17:44:35 | INFO | Finished recording! Transcription saved to: output.txt
2026-06-17 17:44:36 | INFO | Arquivo salvo: C:\Users\guilh\Documents\VoiceWriter\testes_folder\Untitled 1.md
2026-06-17 17:44:39 | INFO | Processing audio with duration 00:02.136
2026-06-17 17:44:40 | INFO | Recognizing speech: Quem tá calado aqui, ele não vai parar.
2026-06-17 17:44:40 | INFO | [ASR Metrics] latency=1068ms | RTF=0.500 | confidence=75.14%
2026-06-17 17:44:40 | INFO | Finished recording! Transcription saved to: output.txt
2026-06-17 17:44:41 | INFO | Arquivo salvo: C:\Users\guilh\Documents\VoiceWriter\testes_folder\Untitled 1.md
2026-06-17 17:44:45 | INFO | Processing audio with duration 00:04.505
2026-06-17 17:44:46 | INFO | Recognizing speech: 
2026-06-17 17:44:46 | INFO | [ASR Metrics] latency=1049ms | RTF=0.233
2026-06-17 17:44:49 | INFO | Escuta interrompida com sucesso.
2026-06-17 17:44:58 | INFO | Arquivo salvo: C:\Users\guilh\Documents\VoiceWriter\testes_folder\Untitled 1.md
2026-06-17 17:49:21 | INFO | Arquivo salvo: C:\Users\guilh\Documents\VoiceWriter\testes_folder\Untitled 1.md
2026-06-17 17:54:42 | INFO | Assets path configured: C:\Users\guilh\Documents\VoiceWriter\assets
2026-06-17 17:54:42 | INFO | Starting up TCP server on localhost:46576
2026-06-17 17:54:42 | INFO | Flet app has started...
2026-06-17 17:54:42 | INFO | App URL: tcp://localhost:46576
2026-06-17 17:54:42 | INFO | Starting Flet View app...
2026-06-17 17:54:42 | INFO | Looking for Flet executable at: C:\Users\guilh\Documents\VoiceWriter\.venv\Lib\site-packages\flet_desktop\app\flet\flet.exe
2026-06-17 17:54:42 | INFO | Flet View found in: C:\Users\guilh\Documents\VoiceWriter\.venv\Lib\site-packages\flet_desktop\app\flet\flet.exe
2026-06-17 17:54:43 | INFO | App session started
2026-06-17 17:54:46 | INFO | Carregando Whisper Model: small.
2026-06-17 17:54:46 | INFO | Pre-warm concluído.
2026-06-17 17:54:47 | INFO | HTTP Request: GET https://huggingface.co/api/models/Systran/faster-whisper-small/revision/main "HTTP/1.1 200 OK"
2026-06-17 17:54:48 | INFO | Whisper Model 'small' pronto.
2026-06-17 17:55:05 | INFO | Adjusted for ambient noise. Linstening...
2026-06-17 17:55:08 | INFO | Listen end: <speech_recognition.audio.AudioData object at 0x000001E36E0197F0>
2026-06-17 17:55:08 | INFO | Processing audio with duration 00:02.043
2026-06-17 17:55:09 | INFO | Recognizing speech: Alexia de Garada
2026-06-17 17:55:09 | INFO | [ASR Metrics] latency=627ms | RTF=0.307 | confidence=39.39%
2026-06-17 17:55:09 | INFO | Nenhum comando reconhecido nesta frase.
2026-06-17 17:55:12 | INFO | [Feedback] ✗ | Session success rate: 0.0% (0/1)
2026-06-17 17:55:12 | INFO | [Metrics] Salvo localmente em C:\Users\guilh\Documents\VoiceWriter\voice\data\feedback_metrics.json (3 registros)
2026-06-17 17:55:12 | ERROR | [Metrics] Erro ao salvar no MongoDB: No module named 'pymongo'
2026-06-17 17:55:19 | INFO | Adjusted for ambient noise. Linstening...
2026-06-17 17:55:24 | INFO | Listen end: <speech_recognition.audio.AudioData object at 0x000001E36E0A1090>
2026-06-17 17:55:25 | INFO | Processing audio with duration 00:04.505
2026-06-17 17:55:25 | INFO | Recognizing speech: Alexa, ligar a hora.
2026-06-17 17:55:25 | INFO | [ASR Metrics] latency=526ms | RTF=0.117 | confidence=70.39%
2026-06-17 17:55:25 | INFO | Aura ativada!
2026-06-17 17:55:28 | INFO | [Feedback] ✓ | Session success rate: 50.0% (1/2)
2026-06-17 17:55:28 | INFO | [Metrics] Salvo localmente em C:\Users\guilh\Documents\VoiceWriter\voice\data\feedback_metrics.json (4 registros)
2026-06-17 17:55:28 | ERROR | [Metrics] Erro ao salvar no MongoDB: No module named 'pymongo'
2026-06-17 18:09:10 | INFO | Assets path configured: C:\Users\guilh\Documents\VoiceWriter\assets
2026-06-17 18:09:10 | INFO | Starting up TCP server on localhost:14090
2026-06-17 18:09:10 | INFO | Flet app has started...
2026-06-17 18:09:10 | INFO | App URL: tcp://localhost:14090
2026-06-17 18:09:10 | INFO | Starting Flet View app...
2026-06-17 18:09:10 | INFO | Looking for Flet executable at: C:\Users\guilh\Documents\VoiceWriter\.venv\Lib\site-packages\flet_desktop\app\flet\flet.exe
2026-06-17 18:09:10 | INFO | Flet View found in: C:\Users\guilh\Documents\VoiceWriter\.venv\Lib\site-packages\flet_desktop\app\flet\flet.exe
2026-06-17 18:09:10 | INFO | App session started
2026-06-17 18:09:13 | INFO | Carregando Whisper Model: small.
2026-06-17 18:09:13 | INFO | Pre-warm concluído.
2026-06-17 18:09:14 | INFO | HTTP Request: GET https://huggingface.co/api/models/Systran/faster-whisper-small/revision/main "HTTP/1.1 200 OK"
2026-06-17 18:09:14 | INFO | Adjusted for ambient noise. Linstening...
2026-06-17 18:09:15 | INFO | Whisper Model 'small' pronto.
2026-06-17 18:09:17 | INFO | Listen end: <speech_recognition.audio.AudioData object at 0x000001C5156B9E80>
2026-06-17 18:09:17 | INFO | Processing audio with duration 00:01.416
2026-06-17 18:09:23 | INFO | Recognizing speech: Seis de Farmar, alde...
2026-06-17 18:09:23 | INFO | [ASR Metrics] latency=5804ms | RTF=4.098 | confidence=14.71%
2026-06-17 18:09:23 | INFO | Nenhum comando reconhecido nesta frase.
2026-06-17 18:09:27 | INFO | [Feedback] ✗ | Session success rate: 0.0% (0/1)
2026-06-17 18:09:27 | INFO | [Metrics] Salvo localmente em C:\Users\guilh\Documents\VoiceWriter\voice\data\feedback_metrics.json (5 registros)
2026-06-17 18:09:29 | INFO | [Metrics] Salvo no MongoDB Atlas.
2026-06-23 20:48:16 | INFO | Assets path configured: /app/assets
2026-06-23 20:48:16 | INFO | Starting up UDS server on /tmp/z9fxazof15
2026-06-23 20:48:16 | INFO | Flet app has started...
2026-06-23 20:48:22 | INFO | App URL: /tmp/z9fxazof15
2026-06-23 20:48:22 | INFO | Starting Flet View app...
2026-06-23 20:48:22 | INFO | Looking for Flet bundle archive at: /opt/venv/lib/python3.12/site-packages/flet_desktop/app/flet-linux-amd64.tar.gz
2026-06-23 20:48:22 | INFO | Extracting Flet from archive to /root/.flet/client/flet-desktop-0.81.0
2026-06-23 20:49:43 | INFO | Assets path configured: /app/assets
2026-06-23 20:49:43 | INFO | Starting up UDS server on /tmp/ZUDjny9RXH
2026-06-23 20:49:43 | INFO | Flet app has started...
2026-06-23 20:49:50 | INFO | App URL: /tmp/ZUDjny9RXH
2026-06-23 20:49:50 | INFO | Starting Flet View app...
2026-06-23 20:49:50 | INFO | Looking for Flet bundle archive at: /opt/venv/lib/python3.12/site-packages/flet_desktop/app/flet-linux-amd64.tar.gz
2026-06-23 20:49:50 | INFO | Extracting Flet from archive to /root/.flet/client/flet-desktop-0.81.0
2026-06-23 20:50:38 | INFO | Assets path configured: /app/assets
2026-06-23 20:50:38 | INFO | Starting up UDS server on /tmp/q6nf8EV63H
2026-06-23 20:50:38 | INFO | Flet app has started...
2026-06-23 20:50:44 | INFO | App URL: /tmp/q6nf8EV63H
2026-06-23 20:50:44 | INFO | Starting Flet View app...
2026-06-23 20:50:44 | INFO | Looking for Flet bundle archive at: /opt/venv/lib/python3.12/site-packages/flet_desktop/app/flet-linux-amd64.tar.gz
2026-06-23 20:50:44 | INFO | Extracting Flet from archive to /root/.flet/client/flet-desktop-0.81.0
2026-06-23 20:50:45 | INFO | App session started
2026-06-23 20:50:45 | INFO | Carregando modelo ASR [faster-whisper]: small
2026-06-23 20:50:45 | WARNING | Pre-warm falhou: SpeechToText.load_model() got an unexpected keyword argument 'model_size'
2026-06-23 20:50:47 | INFO | HTTP Request: GET https://huggingface.co/api/agent-harnesses "HTTP/1.1 200 OK"
2026-06-23 20:50:47 | INFO | HTTP Request: GET https://huggingface.co/api/models/Systran/faster-whisper-small/revision/main "HTTP/1.1 200 OK"
2026-06-23 20:50:47 | INFO | HTTP Request: HEAD https://huggingface.co/Systran/faster-whisper-small/resolve/536b0662742c02347bc0e980a01041f333bce120/config.json "HTTP/1.1 307 Temporary Redirect"
2026-06-23 20:50:47 | INFO | HTTP Request: HEAD https://huggingface.co/Systran/faster-whisper-small/resolve/536b0662742c02347bc0e980a01041f333bce120/vocabulary.txt "HTTP/1.1 307 Temporary Redirect"
2026-06-23 20:50:47 | INFO | HTTP Request: HEAD https://huggingface.co/Systran/faster-whisper-small/resolve/536b0662742c02347bc0e980a01041f333bce120/tokenizer.json "HTTP/1.1 307 Temporary Redirect"
2026-06-23 20:50:47 | INFO | HTTP Request: HEAD https://huggingface.co/Systran/faster-whisper-small/resolve/536b0662742c02347bc0e980a01041f333bce120/model.bin "HTTP/1.1 302 Found"
2026-06-23 20:50:47 | INFO | HTTP Request: HEAD https://huggingface.co/api/resolve-cache/models/Systran/faster-whisper-small/536b0662742c02347bc0e980a01041f333bce120/config.json "HTTP/1.1 200 OK"
2026-06-23 20:50:47 | INFO | HTTP Request: HEAD https://huggingface.co/api/resolve-cache/models/Systran/faster-whisper-small/536b0662742c02347bc0e980a01041f333bce120/vocabulary.txt "HTTP/1.1 200 OK"
2026-06-23 20:50:48 | INFO | HTTP Request: GET https://huggingface.co/api/resolve-cache/models/Systran/faster-whisper-small/536b0662742c02347bc0e980a01041f333bce120/config.json "HTTP/1.1 200 OK"
2026-06-23 20:50:48 | INFO | HTTP Request: HEAD https://huggingface.co/api/resolve-cache/models/Systran/faster-whisper-small/536b0662742c02347bc0e980a01041f333bce120/tokenizer.json "HTTP/1.1 200 OK"
2026-06-23 20:50:48 | INFO | HTTP Request: GET https://huggingface.co/api/resolve-cache/models/Systran/faster-whisper-small/536b0662742c02347bc0e980a01041f333bce120/vocabulary.txt "HTTP/1.1 200 OK"
2026-06-23 20:50:48 | INFO | HTTP Request: GET https://huggingface.co/api/resolve-cache/models/Systran/faster-whisper-small/536b0662742c02347bc0e980a01041f333bce120/tokenizer.json "HTTP/1.1 200 OK"
2026-06-23 20:50:52 | INFO | Adjusted for ambient noise. Linstening...
2026-06-23 20:50:59 | INFO | Listen end: <speech_recognition.audio.AudioData object at 0x70e2cf03d5b0>
2026-06-23 20:51:17 | INFO | Escuta de comandos: aguardando timeout natural.
2026-06-23 20:51:31 | ERROR | Erro no reconhecimento: 'NoneType' object has no attribute 'close'
2026-06-23 20:51:38 | INFO | Adjusted for ambient noise. Linstening...
2026-06-23 20:51:48 | INFO | Escuta de comandos: aguardando timeout natural.
2026-06-23 20:51:49 | INFO | Listen end: <speech_recognition.audio.AudioData object at 0x70e2ccd9f410>
2026-06-23 20:52:41 | INFO | Modelo 'faster-whisper:small' pronto.
2026-06-23 20:52:41 | INFO | Processing audio with duration 00:02.972
2026-06-23 20:52:41 | INFO | Processing audio with duration 00:05.155
2026-06-23 20:52:41 | ERROR | Error during recognition: Library libcublas.so.12 is not found or cannot be loaded
2026-06-23 20:52:41 | ERROR | Error cannot unpack non-iterable NoneType object
2026-06-23 20:52:41 | ERROR | Error during recognition: Library libcublas.so.12 is not found or cannot be loaded
2026-06-23 20:52:41 | ERROR | Error cannot unpack non-iterable NoneType object
2026-06-23 20:52:41 | ERROR | Erro no reconhecimento: [Errno -9988] Invalid stream pointer
2026-06-23 20:52:41 | ERROR | Erro no reconhecimento: [Errno -9988] Invalid stream pointer
2026-06-23 21:21:10 | INFO | Assets path configured: /app/assets
2026-06-23 21:21:10 | INFO | Starting up UDS server on /tmp/A0a2UQoPnP
2026-06-23 21:21:10 | INFO | Flet app has started...
2026-06-23 21:21:16 | INFO | App URL: /tmp/A0a2UQoPnP
2026-06-23 21:21:16 | INFO | Starting Flet View app...
2026-06-23 21:21:16 | INFO | Looking for Flet bundle archive at: /opt/venv/lib/python3.12/site-packages/flet_desktop/app/flet-linux-amd64.tar.gz
2026-06-23 21:21:16 | INFO | Extracting Flet from archive to /root/.flet/client/flet-desktop-0.81.0
2026-06-23 21:21:18 | INFO | App session started
2026-06-23 21:21:18 | INFO | Carregando modelo ASR [faster-whisper]: small
2026-06-23 21:21:18 | WARNING | Pre-warm falhou: SpeechToText.load_model() got an unexpected keyword argument 'model_size'
2026-06-23 21:21:20 | INFO | HTTP Request: GET https://huggingface.co/api/models/Systran/faster-whisper-small/revision/main "HTTP/1.1 200 OK"
2026-06-23 21:21:21 | INFO | Modelo 'faster-whisper:small' pronto.
2026-06-23 21:22:34 | INFO | Adjusted for ambient noise. Linstening...
2026-06-23 21:22:38 | ERROR | Listenting timeout while waiting for a phrase to start
2026-06-23 21:22:42 | INFO | Adjusted for ambient noise. Linstening...
2026-06-23 21:22:46 | ERROR | Listenting timeout while waiting for a phrase to start
2026-06-23 21:22:51 | INFO | Adjusted for ambient noise. Linstening...
2026-06-23 21:22:55 | ERROR | Listenting timeout while waiting for a phrase to start
2026-06-23 21:23:12 | INFO | Adjusted for ambient noise. Linstening...
2026-06-23 21:23:14 | INFO | Listen end: <speech_recognition.audio.AudioData object at 0x73ae90c00740>
2026-06-23 21:23:14 | INFO | Processing audio with duration 00:01.300
2026-06-23 21:23:14 | ERROR | Error during recognition: Library libcublas.so.12 is not found or cannot be loaded
2026-06-23 21:23:14 | ERROR | Error cannot unpack non-iterable NoneType object
2026-06-23 22:16:07 | INFO | Assets path configured: /app/assets
2026-06-23 22:16:07 | INFO | Starting up UDS server on /tmp/AYBITUz1hE
2026-06-23 22:16:07 | INFO | Flet app has started...
2026-06-23 22:16:14 | INFO | App URL: /tmp/AYBITUz1hE
2026-06-23 22:16:14 | INFO | Starting Flet View app...
2026-06-23 22:16:15 | INFO | Looking for Flet bundle archive at: /opt/venv/lib/python3.12/site-packages/flet_desktop/app/flet-linux-amd64.tar.gz
2026-06-23 22:16:15 | INFO | Extracting Flet from archive to /root/.flet/client/flet-desktop-0.81.0
2026-06-23 22:16:17 | INFO | App session started
2026-06-23 22:16:17 | INFO | Carregando modelo ASR [faster-whisper]: small
2026-06-23 22:16:17 | INFO | Pre-warm concluído.
2026-06-23 22:16:22 | INFO | Modelo 'faster-whisper:small' pronto.
2026-06-23 22:22:08 | INFO | Adjusted for ambient noise. Linstening...
2026-06-23 22:22:11 | INFO | Listen end: <speech_recognition.audio.AudioData object at 0x7498cc7abfb0>
2026-06-23 22:22:11 | INFO | Processing audio with duration 00:01.904
2026-06-23 22:22:12 | INFO | Recognizing speech: Acabou? Tranquilinho!
2026-06-23 22:22:12 | INFO | [ASR Metrics] latency=694ms | RTF=0.365 | confidence=86.82%
2026-06-23 22:22:12 | INFO | Nenhum comando reconhecido nesta frase.
2026-06-23 22:22:18 | INFO | [Feedback] ✓ | Session success rate: 100.0% (1/1)
2026-06-23 22:22:18 | INFO | [Metrics] Salvo localmente em /app/voice/data/feedback_metrics.json (6 registros)
2026-06-23 22:22:18 | WARNING | [Metrics] MONGODB_URI não configurado — salvamento na nuvem ignorado.
2026-06-23 22:28:37 | INFO | Adjusted for ambient noise. Linstening...
2026-06-23 22:28:41 | INFO | Listen end: <speech_recognition.audio.AudioData object at 0x7498965b1760>
2026-06-23 22:28:42 | INFO | Processing audio with duration 00:03.878
2026-06-23 22:28:42 | INFO | Recognizing speech: Ela morreu gritando.
2026-06-23 22:28:42 | INFO | [ASR Metrics] latency=409ms | RTF=0.105 | confidence=62.83%
2026-06-23 22:28:42 | INFO | Nenhum comando reconhecido nesta frase.
2026-06-23 22:28:54 | INFO | [Feedback] ✗ | Session success rate: 50.0% (1/2)
2026-06-23 22:28:54 | INFO | [Metrics] Salvo localmente em /app/voice/data/feedback_metrics.json (7 registros)
2026-06-23 22:28:54 | WARNING | [Metrics] MONGODB_URI não configurado — salvamento na nuvem ignorado.
2026-06-21 16:09:00 | INFO | Assets path configured: C:\Users\guilh\Documents\VoiceWriter\assets
2026-06-21 16:09:00 | INFO | Starting up TCP server on localhost:46404
2026-06-21 16:09:00 | INFO | Flet app has started...
2026-06-21 16:09:00 | INFO | App URL: tcp://localhost:46404
2026-06-21 16:09:00 | INFO | Starting Flet View app...
2026-06-21 16:09:00 | INFO | Looking for Flet executable at: C:\Users\guilh\Documents\VoiceWriter\.venv\Lib\site-packages\flet_desktop\app\flet\flet.exe
2026-06-21 16:09:00 | INFO | Flet View found in: C:\Users\guilh\Documents\VoiceWriter\.venv\Lib\site-packages\flet_desktop\app\flet\flet.exe
2026-06-21 16:09:01 | INFO | App session started
2026-06-21 16:09:10 | INFO | Carregando Whisper Model: small.
2026-06-21 16:09:10 | INFO | Pre-warm concluído.
2026-06-21 16:09:11 | INFO | HTTP Request: GET https://huggingface.co/api/models/Systran/faster-whisper-small/revision/main "HTTP/1.1 200 OK"
2026-06-21 16:09:12 | INFO | Whisper Model 'small' pronto.
2026-06-24 10:49:07 | INFO | Assets path configured: /app/assets
2026-06-24 10:49:07 | INFO | Starting up UDS server on /tmp/mqRnrDDzUH
2026-06-24 10:49:07 | INFO | Flet app has started...
2026-06-24 10:49:14 | INFO | App URL: /tmp/mqRnrDDzUH
2026-06-24 10:49:14 | INFO | Starting Flet View app...
2026-06-24 10:49:16 | INFO | Looking for Flet bundle archive at: /opt/venv/lib/python3.12/site-packages/flet_desktop/app/flet-linux-amd64.tar.gz
2026-06-24 10:49:16 | INFO | Extracting Flet from archive to /root/.flet/client/flet-desktop-0.81.0
2026-07-01 12:01:24 | INFO | Assets path configured: /app/assets
2026-07-01 12:01:24 | INFO | Starting up UDS server on /tmp/FRbv4hpgBg
2026-07-01 12:01:24 | INFO | Flet app has started...
2026-07-01 12:01:31 | INFO | App URL: /tmp/FRbv4hpgBg
2026-07-01 12:01:31 | INFO | Starting Flet View app...
2026-07-01 12:01:34 | INFO | Looking for Flet bundle archive at: /opt/venv/lib/python3.12/site-packages/flet_desktop/app/flet-linux-amd64.tar.gz
2026-07-01 12:01:34 | INFO | Extracting Flet from archive to /root/.flet/client/flet-desktop-0.81.0
2026-07-01 12:02:08 | INFO | Assets path configured: /app/assets
2026-07-01 12:02:08 | INFO | Starting up UDS server on /tmp/h92oqzOSp3
2026-07-01 12:02:08 | INFO | Flet app has started...
2026-07-01 12:02:08 | INFO | App URL: /tmp/h92oqzOSp3
2026-07-01 12:02:08 | INFO | Starting Flet View app...
2026-07-01 12:02:08 | INFO | Looking for Flet bundle archive at: /opt/venv/lib/python3.12/site-packages/flet_desktop/app/flet-linux-amd64.tar.gz
2026-07-01 12:02:08 | INFO | Extracting Flet from archive to /root/.flet/bin/flet-
2026-07-01 12:40:40 | INFO | Assets path configured: /app/assets
2026-07-01 12:40:40 | INFO | Starting up UDS server on /tmp/UKaTEW6tT9
2026-07-01 12:40:40 | INFO | Flet app has started...
2026-07-01 12:40:53 | INFO | App URL: /tmp/UKaTEW6tT9
2026-07-01 12:40:53 | INFO | Starting Flet View app...
2026-07-01 12:40:55 | INFO | Looking for Flet bundle archive at: /opt/venv/lib/python3.12/site-packages/flet_desktop/app/flet-linux-amd64.tar.gz
2026-07-01 12:40:55 | INFO | Extracting Flet from archive to /root/.flet/client/flet-desktop-0.81.0
2026-07-01 12:40:57 | INFO | App session started
2026-07-01 12:40:57 | INFO | Carregando modelo ASR [faster-whisper]: small
2026-07-01 12:40:57 | INFO | Pre-warm concluído.
2026-07-01 12:41:10 | ERROR | Erro no reconhecimento: No Default Input Device Available
2026-07-01 12:43:00 | INFO | Modelo 'faster-whisper:small' pronto.
2026-07-01 13:22:15 | INFO | Assets path configured: /app/assets
2026-07-01 13:22:15 | INFO | Starting up UDS server on /tmp/NeYH3MdL3b
2026-07-01 13:22:15 | INFO | Flet app has started...
2026-07-01 13:22:21 | INFO | App URL: /tmp/NeYH3MdL3b
2026-07-01 13:22:21 | INFO | Starting Flet View app...
2026-07-01 13:22:22 | INFO | Looking for Flet bundle archive at: /opt/venv/lib/python3.12/site-packages/flet_desktop/app/flet-linux-amd64.tar.gz
2026-07-01 13:22:22 | INFO | Extracting Flet from archive to /root/.flet/client/flet-desktop-0.81.0
2026-07-01 13:22:23 | INFO | App session started
2026-07-01 13:22:24 | INFO | Carregando modelo ASR [faster-whisper]: small
2026-07-01 13:22:24 | INFO | Pre-warm concluído.
2026-07-01 13:22:30 | INFO | Modelo 'faster-whisper:small' pronto.
2026-07-01 13:23:20 | ERROR | Erro no reconhecimento: 'SpeechToText' object has no attribute 'recognizer'
2026-07-01 13:23:22 | ERROR | Erro no reconhecimento: 'SpeechToText' object has no attribute 'recognizer'
2026-07-01 13:26:02 | INFO | Assets path configured: /app/assets
2026-07-01 13:26:02 | INFO | Starting up UDS server on /tmp/FfvSSnz6vx
2026-07-01 13:26:02 | INFO | Flet app has started...
2026-07-01 13:26:10 | INFO | App URL: /tmp/FfvSSnz6vx
2026-07-01 13:26:10 | INFO | Starting Flet View app...
2026-07-01 13:26:11 | INFO | Looking for Flet bundle archive at: /opt/venv/lib/python3.12/site-packages/flet_desktop/app/flet-linux-amd64.tar.gz
2026-07-01 13:26:11 | INFO | Extracting Flet from archive to /root/.flet/client/flet-desktop-0.81.0
2026-07-01 13:26:12 | INFO | App session started
2026-07-01 13:26:13 | INFO | Carregando modelo ASR [faster-whisper]: small
2026-07-01 13:26:13 | INFO | Pre-warm concluído.
2026-07-01 13:26:18 | INFO | Modelo 'faster-whisper:small' pronto.
2026-07-01 13:26:31 | INFO | Adjusted for ambient noise. Linstening...
2026-07-01 13:26:33 | INFO | Listen end: <speech_recognition.audio.AudioData object at 0x7802c03a7ad0>
2026-07-01 13:26:33 | INFO | Processing audio with duration 00:02.159
2026-07-01 13:26:35 | INFO | Recognizing speech: Alô, alô, alô, alô...
2026-07-01 13:26:35 | INFO | [ASR Metrics] latency=1434ms | RTF=0.664 | confidence=84.17%
2026-07-01 13:26:35 | INFO | Nenhum comando reconhecido nesta frase.
2026-07-01 13:26:43 | INFO | [Feedback] ✗ | Session success rate: 0.0% (0/1)
2026-07-01 13:26:43 | INFO | [Metrics] Salvo localmente em /app/voice/data/feedback_metrics.json (8 registros)
2026-07-01 13:26:49 | ERROR | [Metrics] Erro ao salvar no MongoDB: SSL handshake failed: ac-egmqhpt-shard-00-02.hs9bw1c.mongodb.net:27017: [SSL: TLSV1_ALERT_INTERNAL_ERROR] tlsv1 alert internal error (_ssl.c:1000) (configured timeouts: socketTimeoutMS: 20000.0ms, connectTimeoutMS: 20000.0ms),SSL handshake failed: ac-egmqhpt-shard-00-01.hs9bw1c.mongodb.net:27017: [SSL: TLSV1_ALERT_INTERNAL_ERROR] tlsv1 alert internal error (_ssl.c:1000) (configured timeouts: socketTimeoutMS: 20000.0ms, connectTimeoutMS: 20000.0ms),SSL handshake failed: ac-egmqhpt-shard-00-00.hs9bw1c.mongodb.net:27017: [SSL: TLSV1_ALERT_INTERNAL_ERROR] tlsv1 alert internal error (_ssl.c:1000) (configured timeouts: socketTimeoutMS: 20000.0ms, connectTimeoutMS: 20000.0ms), Timeout: 5.0s, Topology Description: <TopologyDescription id: 6a453fc34c0d5827ff12524f, topology_type: ReplicaSetNoPrimary, servers: [<ServerDescription ('ac-egmqhpt-shard-00-00.hs9bw1c.mongodb.net', 27017) server_type: Unknown, rtt: None, error=AutoReconnect('SSL handshake failed: ac-egmqhpt-shard-00-00.hs9bw1c.mongodb.net:27017: [SSL: TLSV1_ALERT_INTERNAL_ERROR] tlsv1 alert internal error (_ssl.c:1000) (configured timeouts: socketTimeoutMS: 20000.0ms, connectTimeoutMS: 20000.0ms)')>, <ServerDescription ('ac-egmqhpt-shard-00-01.hs9bw1c.mongodb.net', 27017) server_type: Unknown, rtt: None, error=AutoReconnect('SSL handshake failed: ac-egmqhpt-shard-00-01.hs9bw1c.mongodb.net:27017: [SSL: TLSV1_ALERT_INTERNAL_ERROR] tlsv1 alert internal error (_ssl.c:1000) (configured timeouts: socketTimeoutMS: 20000.0ms, connectTimeoutMS: 20000.0ms)')>, <ServerDescription ('ac-egmqhpt-shard-00-02.hs9bw1c.mongodb.net', 27017) server_type: Unknown, rtt: None, error=AutoReconnect('SSL handshake failed: ac-egmqhpt-shard-00-02.hs9bw1c.mongodb.net:27017: [SSL: TLSV1_ALERT_INTERNAL_ERROR] tlsv1 alert internal error (_ssl.c:1000) (configured timeouts: socketTimeoutMS: 20000.0ms, connectTimeoutMS: 20000.0ms)')>]>
2026-07-01 13:49:08 | INFO | Assets path configured: /app/assets
2026-07-01 13:49:08 | INFO | Starting up UDS server on /tmp/XEgeNBJJTv
2026-07-01 13:49:08 | INFO | Flet app has started...
2026-07-01 13:49:15 | INFO | App URL: /tmp/XEgeNBJJTv
2026-07-01 13:49:15 | INFO | Starting Flet View app...
2026-07-01 13:49:16 | INFO | Looking for Flet bundle archive at: /opt/venv/lib/python3.12/site-packages/flet_desktop/app/flet-linux-amd64.tar.gz
2026-07-01 13:49:16 | INFO | Extracting Flet from archive to /root/.flet/client/flet-desktop-0.81.0
2026-07-01 13:49:17 | INFO | App session started
2026-07-01 13:49:18 | INFO | Carregando modelo ASR [faster-whisper]: small
2026-07-01 13:49:18 | INFO | Pre-warm concluído.
2026-07-01 13:49:23 | INFO | Modelo 'faster-whisper:small' pronto.
2026-07-01 13:49:24 | INFO | Adjusted for ambient noise. Listening...
2026-07-01 13:49:28 | INFO | Listen end: <speech_recognition.audio.AudioData object at 0x7e2892d7c860>
2026-07-01 13:49:28 | INFO | Processing audio with duration 00:03.158
2026-07-01 13:49:29 | INFO | Recognized: verificando se está tudo funcionando
2026-07-01 13:49:29 | INFO | [ASR Metrics] latency=1166ms | RTF=0.369 | confidence=93.95%
2026-07-01 13:49:29 | INFO | Nenhum comando reconhecido nesta frase.
2026-07-01 13:49:33 | INFO | [Feedback] ✓ | Session success rate: 100.0% (1/1)
2026-07-01 13:49:33 | INFO | [Metrics] Salvo localmente em /app/voice/data/feedback_metrics.json (9 registros)
2026-07-01 13:49:38 | ERROR | [Metrics] Erro ao salvar no MongoDB: SSL handshake failed: ac-egmqhpt-shard-00-02.hs9bw1c.mongodb.net:27017: [SSL: TLSV1_ALERT_INTERNAL_ERROR] tlsv1 alert internal error (_ssl.c:1000) (configured timeouts: socketTimeoutMS: 20000.0ms, connectTimeoutMS: 20000.0ms),SSL handshake failed: ac-egmqhpt-shard-00-01.hs9bw1c.mongodb.net:27017: [SSL: TLSV1_ALERT_INTERNAL_ERROR] tlsv1 alert internal error (_ssl.c:1000) (configured timeouts: socketTimeoutMS: 20000.0ms, connectTimeoutMS: 20000.0ms),SSL handshake failed: ac-egmqhpt-shard-00-00.hs9bw1c.mongodb.net:27017: [SSL: TLSV1_ALERT_INTERNAL_ERROR] tlsv1 alert internal error (_ssl.c:1000) (configured timeouts: socketTimeoutMS: 20000.0ms, connectTimeoutMS: 20000.0ms), Timeout: 5.0s, Topology Description: <TopologyDescription id: 6a45451de16578bd7b429885, topology_type: ReplicaSetNoPrimary, servers: [<ServerDescription ('ac-egmqhpt-shard-00-00.hs9bw1c.mongodb.net', 27017) server_type: Unknown, rtt: None, error=AutoReconnect('SSL handshake failed: ac-egmqhpt-shard-00-00.hs9bw1c.mongodb.net:27017: [SSL: TLSV1_ALERT_INTERNAL_ERROR] tlsv1 alert internal error (_ssl.c:1000) (configured timeouts: socketTimeoutMS: 20000.0ms, connectTimeoutMS: 20000.0ms)')>, <ServerDescription ('ac-egmqhpt-shard-00-01.hs9bw1c.mongodb.net', 27017) server_type: Unknown, rtt: None, error=AutoReconnect('SSL handshake failed: ac-egmqhpt-shard-00-01.hs9bw1c.mongodb.net:27017: [SSL: TLSV1_ALERT_INTERNAL_ERROR] tlsv1 alert internal error (_ssl.c:1000) (configured timeouts: socketTimeoutMS: 20000.0ms, connectTimeoutMS: 20000.0ms)')>, <ServerDescription ('ac-egmqhpt-shard-00-02.hs9bw1c.mongodb.net', 27017) server_type: Unknown, rtt: None, error=AutoReconnect('SSL handshake failed: ac-egmqhpt-shard-00-02.hs9bw1c.mongodb.net:27017: [SSL: TLSV1_ALERT_INTERNAL_ERROR] tlsv1 alert internal error (_ssl.c:1000) (configured timeouts: socketTimeoutMS: 20000.0ms, connectTimeoutMS: 20000.0ms)')>]>
2026-07-01 14:06:45 | INFO | Assets path configured: /app/assets
2026-07-01 14:06:54 | INFO | Starting Flet web server on port 57933...
2026-07-01 14:06:54 | INFO | Web renderer configured: WebRenderer.AUTO
2026-07-01 14:06:54 | INFO | Route URL strategy configured: RouteUrlStrategy.PATH
2026-07-01 14:06:54 | INFO | No CDN configured: False
2026-07-01 14:06:54 | INFO | Flet app has started...
2026-07-01 14:06:54 | INFO | Starting up Flet App Manager
2026-07-01 14:06:54 | INFO | App URL: http://127.0.0.1:57933
2026-07-01 15:51:33 | INFO | Shutting down Flet App Manager
2026-07-01 15:51:33 | INFO | Closing Flet web server...
2026-07-01 15:51:36 | INFO | Assets path configured: /app/assets
2026-07-01 15:51:43 | INFO | Starting Flet web server on port 60147...
2026-07-01 15:51:43 | INFO | Web renderer configured: WebRenderer.AUTO
2026-07-01 15:51:43 | INFO | Route URL strategy configured: RouteUrlStrategy.PATH
2026-07-01 15:51:43 | INFO | No CDN configured: False
2026-07-01 15:51:43 | INFO | Flet app has started...
2026-07-01 15:51:43 | INFO | Starting up Flet App Manager
2026-07-01 15:51:43 | INFO | App URL: http://127.0.0.1:60147
2026-07-01 15:59:38 | INFO | Assets path configured: /app/assets
2026-07-01 15:59:38 | INFO | Starting up UDS server on /tmp/DFEpkzgDNW
2026-07-01 15:59:38 | INFO | Flet app has started...
2026-07-01 15:59:44 | INFO | App URL: /tmp/DFEpkzgDNW
2026-07-01 15:59:44 | INFO | Starting Flet View app...
2026-07-01 15:59:45 | INFO | Looking for Flet bundle archive at: /opt/venv/lib/python3.12/site-packages/flet_desktop/app/flet-linux-amd64.tar.gz
2026-07-01 15:59:45 | INFO | Extracting Flet from archive to /root/.flet/client/flet-desktop-0.81.0
2026-07-01 15:59:46 | INFO | App session started
2026-07-01 15:59:47 | WARNING | AppOpener unavailable (Windows-only). Using subprocess fallback for open/close.
2026-07-01 15:59:47 | ERROR | Unhandled error in main() handler
Traceback (most recent call last):
  File "/opt/venv/lib/python3.12/site-packages/flet/app.py", line 260, in on_session_created
    await main(session.page)
  File "/app/main.py", line 177, in flet_target
    await app.main()
  File "/app/main.py", line 170, in main
    await route_change()
  File "/app/main.py", line 68, in route_change
    from frontend.speech_menu import SpeechMenu
  File "/app/frontend/speech_menu.py", line 6, in <module>
    from voice.speech import SpeechToText
  File "/app/voice/speech.py", line 23, in <module>
    from voice.utils.metrics_storage import (
ImportError: cannot import name 'save_metrics_local' from 'voice.utils.metrics_storage' (/app/voice/utils/metrics_storage.py)
2026-07-01 16:00:42 | INFO | Assets path configured: /app/assets
2026-07-01 16:00:42 | INFO | Starting up UDS server on /tmp/55KJLB40Dc
2026-07-01 16:00:42 | INFO | Flet app has started...
2026-07-01 16:00:49 | INFO | App URL: /tmp/55KJLB40Dc
2026-07-01 16:00:49 | INFO | Starting Flet View app...
2026-07-01 16:00:50 | INFO | Looking for Flet bundle archive at: /opt/venv/lib/python3.12/site-packages/flet_desktop/app/flet-linux-amd64.tar.gz
2026-07-01 16:00:50 | INFO | Extracting Flet from archive to /root/.flet/client/flet-desktop-0.81.0
2026-07-01 16:00:51 | INFO | App session started
2026-07-01 16:00:52 | WARNING | AppOpener unavailable (Windows-only). Using subprocess fallback for open/close.
2026-07-01 16:00:52 | INFO | Carregando modelo ASR [faster-whisper]: small
2026-07-01 16:00:57 | INFO | HTTP Request: POST https://rxqiqknvlxjcojijfclh.supabase.co/rest/v1/sessions "HTTP/2 201 Created"
2026-07-01 16:00:57 | INFO | [Metrics] Sessão criada no Supabase: c3dfa139-0238-4440-80b1-023769f018c8
2026-07-01 16:00:57 | INFO | HTTP Request: POST https://rxqiqknvlxjcojijfclh.supabase.co/rest/v1/sessions "HTTP/2 201 Created"
2026-07-01 16:00:58 | INFO | HTTP Request: POST https://rxqiqknvlxjcojijfclh.supabase.co/rest/v1/sessions "HTTP/2 201 Created"
2026-07-01 16:00:58 | INFO | HTTP Request: POST https://rxqiqknvlxjcojijfclh.supabase.co/rest/v1/transcription_results "HTTP/2 201 Created"
2026-07-01 16:00:58 | INFO | [Metrics] Sync: 3 enviados, 0 na fila.
2026-07-01 16:00:58 | INFO | Modelo 'faster-whisper:small' pronto.
2026-07-01 16:01:00 | INFO | HTTP Request: POST https://rxqiqknvlxjcojijfclh.supabase.co/rest/v1/sessions "HTTP/2 201 Created"
2026-07-01 16:01:00 | INFO | [Metrics] Sessão criada no Supabase: 23c71b6b-e3e3-4e33-b209-7057f811162b
2026-07-01 16:01:00 | INFO | Pre-warm concluído.
2026-07-01 16:01:18 | INFO | HTTP Request: POST https://rxqiqknvlxjcojijfclh.supabase.co/rest/v1/sessions "HTTP/2 201 Created"
2026-07-01 16:01:18 | INFO | [Metrics] Sessão criada no Supabase: c5ce915d-2631-4d11-acfa-60e00780c508
2026-07-01 16:01:19 | INFO | Adjusted for ambient noise. Listening...
2026-07-01 16:01:22 | INFO | Listen end: <speech_recognition.audio.AudioData object at 0x794cc075fb60>
2026-07-01 16:01:22 | INFO | Processing audio with duration 00:02.206
2026-07-01 16:01:24 | INFO | Recognized: Abre o Google Chrome.
2026-07-01 16:01:24 | INFO | [ASR Metrics] latency=1618ms | RTF=0.733 | conf=74.87%
2026-07-01 16:01:24 | INFO | Command identified! Trying to open: google chrome....
2026-07-01 16:01:24 | INFO | Opening: google chrome.
2026-07-01 16:01:30 | INFO | [Feedback] ✓ | Session success rate: 100.0% (1/1)
2026-07-01 16:01:31 | INFO | HTTP Request: POST https://rxqiqknvlxjcojijfclh.supabase.co/rest/v1/transcription_results "HTTP/2 201 Created"
2026-07-01 16:01:31 | INFO | [Metrics] Resultado de transcrição salvo no Supabase.
2026-07-01 16:09:59 | INFO | Assets path configured: /app/assets
2026-07-01 16:09:59 | INFO | Starting up UDS server on /tmp/fxkRf8Eho7
2026-07-01 16:09:59 | INFO | Flet app has started...
2026-07-01 16:10:07 | INFO | App URL: /tmp/fxkRf8Eho7
2026-07-01 16:10:07 | INFO | Starting Flet View app...
2026-07-01 16:10:08 | INFO | Looking for Flet bundle archive at: /opt/venv/lib/python3.12/site-packages/flet_desktop/app/flet-linux-amd64.tar.gz
2026-07-01 16:10:08 | INFO | Extracting Flet from archive to /root/.flet/client/flet-desktop-0.81.0
2026-07-01 16:10:09 | INFO | App session started
2026-07-01 16:10:10 | WARNING | AppOpener unavailable (Windows-only). Using subprocess fallback for open/close.
2026-07-01 16:10:10 | INFO | Carregando modelo ASR [faster-whisper]: small
2026-07-01 16:10:13 | INFO | HTTP Request: POST https://rxqiqknvlxjcojijfclh.supabase.co/rest/v1/sessions "HTTP/2 201 Created"
2026-07-01 16:10:13 | INFO | [Metrics] Sessão criada no Supabase: 7367c9ee-20e8-4eed-8b56-8ff535c337c0
2026-07-01 16:10:14 | INFO | HTTP Request: POST https://rxqiqknvlxjcojijfclh.supabase.co/rest/v1/sessions "HTTP/2 201 Created"
2026-07-01 16:10:14 | INFO | [Metrics] Sessão criada no Supabase: fdb3abb3-b2a6-4734-ac30-b12e11654d19
2026-07-01 16:10:14 | INFO | Pre-warm concluído.
2026-07-01 16:10:18 | INFO | Modelo 'faster-whisper:small' pronto.
2026-07-01 16:10:18 | INFO | HTTP Request: POST https://rxqiqknvlxjcojijfclh.supabase.co/rest/v1/sessions "HTTP/2 201 Created"
2026-07-01 16:10:18 | INFO | [Metrics] Sessão criada no Supabase: 577c10a1-8a78-43b7-983d-2e1a05019014
2026-07-01 16:10:20 | INFO | Adjusted for ambient noise. Listening...
2026-07-01 16:10:22 | INFO | Listen end: <speech_recognition.audio.AudioData object at 0x7015190311f0>
2026-07-01 16:10:22 | INFO | Processing audio with duration 00:01.556
2026-07-01 16:10:23 | INFO | Recognized: Abra o Google
2026-07-01 16:10:23 | INFO | [ASR Metrics] latency=1138ms | RTF=0.731 | conf=80.55%
2026-07-01 16:10:23 | INFO | Command identified! Trying to open: google...
2026-07-01 16:10:23 | INFO | Opening: google
2026-07-01 16:10:25 | INFO | [Feedback] ✓ | Session success rate: 100.0% (1/1)
2026-07-01 16:10:26 | INFO | HTTP Request: POST https://rxqiqknvlxjcojijfclh.supabase.co/rest/v1/transcription_results "HTTP/2 201 Created"
2026-07-01 16:10:26 | INFO | [Metrics] Resultado de transcrição salvo no Supabase.
2026-07-01 16:10:40 | INFO | Adjusted for ambient noise. Listening...
2026-07-01 16:10:43 | INFO | Listen end: <speech_recognition.audio.AudioData object at 0x7015184dfc50>
2026-07-01 16:10:43 | INFO | Processing audio with duration 00:02.159
2026-07-01 16:10:44 | INFO | Recognized: Abra o Discord
2026-07-01 16:10:44 | INFO | [ASR Metrics] latency=691ms | RTF=0.320 | conf=76.97%
2026-07-01 16:10:44 | INFO | Command identified! Trying to open: discord...
2026-07-01 16:10:44 | INFO | Opening: discord
2026-07-01 16:10:47 | INFO | [Feedback] ✓ | Session success rate: 100.0% (2/2)
2026-07-01 16:10:47 | INFO | HTTP Request: POST https://rxqiqknvlxjcojijfclh.supabase.co/rest/v1/transcription_results "HTTP/2 201 Created"
2026-07-01 16:10:47 | INFO | [Metrics] Resultado de transcrição salvo no Supabase.
2026-07-01 16:10:51 | INFO | Adjusted for ambient noise. Listening...
2026-07-01 16:10:54 | INFO | Listen end: <speech_recognition.audio.AudioData object at 0x7015184f84d0>
2026-07-01 16:10:54 | INFO | Processing audio with duration 00:02.763
2026-07-01 16:10:55 | INFO | Recognized: Fecha o firefark!
2026-07-01 16:10:55 | INFO | [ASR Metrics] latency=649ms | RTF=0.235 | conf=40.85%
2026-07-01 16:10:55 | INFO | Command identified! Trying to close: firefark!...
2026-07-01 16:10:55 | INFO | Closing: firefark!
2026-07-01 16:10:58 | INFO | [Feedback] ✓ | Session success rate: 100.0% (3/3)
2026-07-01 16:10:59 | INFO | HTTP Request: POST https://rxqiqknvlxjcojijfclh.supabase.co/rest/v1/transcription_results "HTTP/2 201 Created"
2026-07-01 16:10:59 | INFO | [Metrics] Resultado de transcrição salvo no Supabase.
2026-07-01 16:11:02 | INFO | Adjusted for ambient noise. Listening...
2026-07-01 16:11:05 | INFO | Listen end: <speech_recognition.audio.AudioData object at 0x7015184df4d0>
2026-07-01 16:11:05 | INFO | Processing audio with duration 00:02.879
2026-07-01 16:11:06 | INFO | Recognized: Execute o One Desk.
2026-07-01 16:11:06 | INFO | [ASR Metrics] latency=747ms | RTF=0.259 | conf=76.34%
2026-07-01 16:11:06 | INFO | Command identified! Trying to open: one desk....
2026-07-01 16:11:06 | INFO | Opening: one desk.
2026-07-01 16:11:09 | INFO | [Feedback] ✓ | Session success rate: 100.0% (4/4)
2026-07-01 16:11:10 | INFO | HTTP Request: POST https://rxqiqknvlxjcojijfclh.supabase.co/rest/v1/transcription_results "HTTP/2 201 Created"
2026-07-01 16:11:10 | INFO | [Metrics] Resultado de transcrição salvo no Supabase.
2026-07-01 16:11:13 | INFO | Adjusted for ambient noise. Listening...
2026-07-01 16:11:17 | INFO | Listen end: <speech_recognition.audio.AudioData object at 0x70151bfbeea0>
2026-07-01 16:11:17 | INFO | Processing audio with duration 00:03.390
2026-07-01 16:11:18 | INFO | Recognized: Abra System Manager.
2026-07-01 16:11:18 | INFO | [ASR Metrics] latency=694ms | RTF=0.205 | conf=81.03%
2026-07-01 16:11:18 | INFO | Command identified! Trying to open: system manager....
2026-07-01 16:11:18 | INFO | Opening: system manager.
2026-07-01 16:11:21 | INFO | [Feedback] ✓ | Session success rate: 100.0% (5/5)
2026-07-01 16:11:21 | INFO | HTTP Request: POST https://rxqiqknvlxjcojijfclh.supabase.co/rest/v1/transcription_results "HTTP/2 201 Created"
2026-07-01 16:11:21 | INFO | [Metrics] Resultado de transcrição salvo no Supabase.
2026-07-01 16:11:23 | INFO | Adjusted for ambient noise. Listening...
2026-07-01 16:11:28 | INFO | Listen end: <speech_recognition.audio.AudioData object at 0x7015184df7a0>
2026-07-01 16:11:28 | INFO | Processing audio with duration 00:04.598
2026-07-01 16:11:29 | INFO | Recognized: Abra Devil May Cry Collection
2026-07-01 16:11:29 | INFO | [ASR Metrics] latency=736ms | RTF=0.160 | conf=85.66%
2026-07-01 16:11:29 | INFO | Command identified! Trying to open: devil may cry collection...
2026-07-01 16:11:29 | INFO | Opening: devil may cry collection
2026-07-01 16:11:33 | INFO | [Feedback] ✓ | Session success rate: 100.0% (6/6)
2026-07-01 16:11:33 | INFO | HTTP Request: POST https://rxqiqknvlxjcojijfclh.supabase.co/rest/v1/transcription_results "HTTP/2 201 Created"
2026-07-01 16:11:33 | INFO | [Metrics] Resultado de transcrição salvo no Supabase.
2026-07-01 16:11:45 | ERROR | Unhandled error in 'on_route_change' handler
Traceback (most recent call last):
  File "/opt/venv/lib/python3.12/site-packages/flet/messaging/session.py", line 194, in dispatch_event
    await control._trigger_event(event_name, event_data)
  File "/opt/venv/lib/python3.12/site-packages/flet/controls/base_control.py", line 318, in _trigger_event
    await event_handler()
  File "/app/main.py", line 84, in route_change
    self.menu_instance = MainEditorMenu(self.page)
                         ^^^^^^^^^^^^^^^^^^^^^^^^^
  File "/app/frontend/main_menu.py", line 21, in __init__
    self.editor_menu = EditorMenu(page)
                       ^^^^^^^^^^^^^^^^
  File "/app/frontend/editor_menu.py", line 20, in __init__
    keyboard.add_hotkey("ctrl+p", self.create_and_open_new_markdown)
  File "/opt/venv/lib/python3.12/site-packages/keyboard/__init__.py", line 639, in add_hotkey
    _listener.start_if_necessary()
  File "/opt/venv/lib/python3.12/site-packages/keyboard/_generic.py", line 35, in start_if_necessary
    self.init()
  File "/opt/venv/lib/python3.12/site-packages/keyboard/__init__.py", line 196, in init
    _os_keyboard.init()
  File "/opt/venv/lib/python3.12/site-packages/keyboard/_nixkeyboard.py", line 113, in init
    build_device()
  File "/opt/venv/lib/python3.12/site-packages/keyboard/_nixkeyboard.py", line 110, in build_device
    device = aggregate_devices('kbd')
             ^^^^^^^^^^^^^^^^^^^^^^^^
  File "/opt/venv/lib/python3.12/site-packages/keyboard/_nixcommon.py", line 168, in aggregate_devices
    assert fake_device
           ^^^^^^^^^^^
AssertionError
2026-07-01 16:16:14 | INFO | Assets path configured: /app/assets
2026-07-01 16:16:14 | INFO | Starting up UDS server on /tmp/hSuLIVgtf1
2026-07-01 16:16:14 | INFO | Flet app has started...
2026-07-01 16:16:21 | INFO | App URL: /tmp/hSuLIVgtf1
2026-07-01 16:16:21 | INFO | Starting Flet View app...
2026-07-01 16:16:22 | INFO | Looking for Flet bundle archive at: /opt/venv/lib/python3.12/site-packages/flet_desktop/app/flet-linux-amd64.tar.gz
2026-07-01 16:16:22 | INFO | Extracting Flet from archive to /root/.flet/client/flet-desktop-0.81.0
2026-07-01 16:16:24 | INFO | App session started
2026-07-01 16:16:24 | WARNING | AppOpener unavailable (Windows-only). Using subprocess fallback for open/close.
2026-07-01 16:16:24 | INFO | Carregando modelo ASR [faster-whisper]: small
2026-07-01 16:16:27 | INFO | HTTP Request: POST https://rxqiqknvlxjcojijfclh.supabase.co/rest/v1/sessions "HTTP/2 201 Created"
2026-07-01 16:16:27 | INFO | [Metrics] Sessão criada no Supabase: d01cb89f-b8bc-4b06-adae-b04ce4b29576
2026-07-01 16:16:28 | INFO | HTTP Request: POST https://rxqiqknvlxjcojijfclh.supabase.co/rest/v1/sessions "HTTP/2 201 Created"
2026-07-01 16:16:28 | INFO | [Metrics] Sessão criada no Supabase: 09d519aa-2e94-4d11-b11b-13e73a3f2f7b
2026-07-01 16:16:28 | INFO | Pre-warm concluído.
2026-07-01 16:16:30 | INFO | Modelo 'faster-whisper:small' pronto.
2026-07-01 16:16:48 | INFO | HTTP Request: POST https://rxqiqknvlxjcojijfclh.supabase.co/rest/v1/sessions "HTTP/2 201 Created"
2026-07-01 16:16:48 | INFO | [Metrics] Sessão criada no Supabase: 1cac9fb8-5ca9-4c67-8f3b-ea58cce2d7ee
2026-07-01 16:16:49 | INFO | Adjusted for ambient noise. Listening...
2026-07-01 16:16:54 | INFO | Listen end: <speech_recognition.audio.AudioData object at 0x7448cf3e6a50>
2026-07-01 16:16:54 | INFO | Processing audio with duration 00:03.878
2026-07-01 16:16:55 | INFO | Recognized: Está funcionando pra abrir o Google Chrome.
2026-07-01 16:16:55 | INFO | [ASR Metrics] latency=1571ms | RTF=0.405 | conf=72.07%
2026-07-01 16:16:55 | INFO | Command identified! Trying to open: google chrome....
2026-07-01 16:16:55 | INFO | Opening: google chrome.
2026-07-01 16:16:59 | INFO | [Feedback] ✓ | Session success rate: 100.0% (1/1)
2026-07-01 16:17:00 | INFO | HTTP Request: POST https://rxqiqknvlxjcojijfclh.supabase.co/rest/v1/transcription_results "HTTP/2 201 Created"
2026-07-01 16:17:00 | INFO | [Metrics] Resultado de transcrição salvo no Supabase.
2026-07-01 16:19:25 | INFO | Assets path configured: /app/assets
2026-07-01 16:19:25 | INFO | Starting up UDS server on /tmp/0uLFDcdX0E
2026-07-01 16:19:25 | INFO | Flet app has started...
2026-07-01 16:19:32 | INFO | App URL: /tmp/0uLFDcdX0E
2026-07-01 16:19:32 | INFO | Starting Flet View app...
2026-07-01 16:19:33 | INFO | Looking for Flet bundle archive at: /opt/venv/lib/python3.12/site-packages/flet_desktop/app/flet-linux-amd64.tar.gz
2026-07-01 16:19:33 | INFO | Extracting Flet from archive to /root/.flet/client/flet-desktop-0.81.0
2026-07-01 16:19:34 | INFO | App session started
2026-07-01 16:19:34 | WARNING | AppOpener unavailable (Windows-only). Using subprocess fallback for open/close.
2026-07-01 16:19:35 | INFO | Carregando modelo ASR [faster-whisper]: small
2026-07-01 16:19:37 | INFO | HTTP Request: POST https://rxqiqknvlxjcojijfclh.supabase.co/rest/v1/sessions "HTTP/2 201 Created"
2026-07-01 16:19:37 | INFO | [Metrics] Sessão criada no Supabase: 557ca503-29c2-4acc-a11c-c5a2e084ee11
2026-07-01 16:19:38 | INFO | HTTP Request: POST https://rxqiqknvlxjcojijfclh.supabase.co/rest/v1/sessions "HTTP/2 201 Created"
2026-07-01 16:19:38 | INFO | [Metrics] Sessão criada no Supabase: 7ba64a2d-11e9-41b1-958c-944e747ed061
2026-07-01 16:19:38 | INFO | Pre-warm concluído.
2026-07-01 16:19:41 | INFO | Modelo 'faster-whisper:small' pronto.
2026-07-01 16:19:49 | INFO | HTTP Request: POST https://rxqiqknvlxjcojijfclh.supabase.co/rest/v1/sessions "HTTP/2 201 Created"
2026-07-01 16:19:49 | INFO | [Metrics] Sessão criada no Supabase: 2b88b94c-83f3-408a-8ac0-79c3a51aa307
2026-07-01 16:19:51 | INFO | Adjusted for ambient noise. Listening...
2026-07-01 16:19:55 | INFO | Listen end: <speech_recognition.audio.AudioData object at 0x7e1448a75250>
2026-07-01 16:19:55 | INFO | Processing audio with duration 00:02.810
2026-07-01 16:19:57 | INFO | Recognized: Começou a detecção para a trilha de...
2026-07-01 16:19:57 | INFO | [ASR Metrics] latency=1613ms | RTF=0.574 | conf=61.08%
2026-07-01 16:19:57 | INFO | No command recognized in this phrase.
2026-07-01 16:20:03 | INFO | [Feedback] ✗ | Session success rate: 0.0% (0/1)
2026-07-01 16:20:03 | INFO | HTTP Request: POST https://rxqiqknvlxjcojijfclh.supabase.co/rest/v1/transcription_results "HTTP/2 201 Created"
2026-07-01 16:20:03 | INFO | [Metrics] Resultado de transcrição salvo no Supabase.
2026-07-01 16:20:14 | INFO | HTTP Request: POST https://rxqiqknvlxjcojijfclh.supabase.co/rest/v1/sessions "HTTP/2 201 Created"
2026-07-01 16:20:14 | INFO | [Metrics] Sessão criada no Supabase: 6e936060-d955-45fa-8e53-f82b9fc00c0b
2026-07-01 16:20:21 | ERROR | Unhandled error in 'on_click' handler
Traceback (most recent call last):
  File "/opt/venv/lib/python3.12/site-packages/flet/messaging/session.py", line 194, in dispatch_event
    await control._trigger_event(event_name, event_data)
  File "/opt/venv/lib/python3.12/site-packages/flet/controls/base_control.py", line 320, in _trigger_event
    await event_handler(e)
  File "/app/frontend/main_menu.py", line 60, in select_editor_path
    self.path_editor = await self.explorer.open_explorer(self.page)
                       ^^^^^^^^^^^^^^^^^^^^^^^^^^^^^^^^^^^^^^^^^^^^
  File "/app/frontend/utils/file_handler.py", line 53, in open_explorer
    page.open(dialog)
    ^^^^^^^^^
AttributeError: 'Page' object has no attribute 'open'
2026-07-01 16:27:11 | INFO | Assets path configured: /app/assets
2026-07-01 16:27:11 | INFO | Starting up UDS server on /tmp/0Upl2dZuGj
2026-07-01 16:27:11 | INFO | Flet app has started...
2026-07-01 16:27:18 | INFO | App URL: /tmp/0Upl2dZuGj
2026-07-01 16:27:18 | INFO | Starting Flet View app...
2026-07-01 16:27:20 | INFO | Looking for Flet bundle archive at: /opt/venv/lib/python3.12/site-packages/flet_desktop/app/flet-linux-amd64.tar.gz
2026-07-01 16:27:20 | INFO | Extracting Flet from archive to /root/.flet/client/flet-desktop-0.81.0
2026-07-01 16:27:21 | INFO | App session started
2026-07-01 16:27:21 | WARNING | AppOpener unavailable (Windows-only). Using subprocess fallback for open/close.
2026-07-01 16:27:22 | INFO | Carregando modelo ASR [faster-whisper]: small
2026-07-01 16:27:25 | INFO | HTTP Request: POST https://rxqiqknvlxjcojijfclh.supabase.co/rest/v1/sessions "HTTP/2 201 Created"
2026-07-01 16:27:25 | INFO | [Metrics] Sessão criada no Supabase: 6e47c2c4-7428-47c7-8c42-49aeb90e7529
2026-07-01 16:27:26 | INFO | HTTP Request: POST https://rxqiqknvlxjcojijfclh.supabase.co/rest/v1/sessions "HTTP/2 201 Created"
2026-07-01 16:27:26 | INFO | [Metrics] Sessão criada no Supabase: 84133fc3-ca11-45c8-b26d-feddd3fd6be2
2026-07-01 16:27:26 | INFO | Pre-warm concluído.
2026-07-01 16:27:27 | INFO | Modelo 'faster-whisper:small' pronto.
2026-07-01 16:29:13 | INFO | HTTP Request: POST https://rxqiqknvlxjcojijfclh.supabase.co/rest/v1/sessions "HTTP/2 201 Created"
2026-07-01 16:29:13 | INFO | [Metrics] Sessão criada no Supabase: 5a6f0167-8555-4a91-9809-1e3d76246487
2026-07-01 16:31:18 | INFO | Not all information was put
2026-07-01 16:31:23 | INFO | Not all information was put
2026-07-01 16:31:30 | INFO | Path inválido ou não fornecido, voltando para Home.
2026-07-01 16:31:31 | INFO | HTTP Request: POST https://rxqiqknvlxjcojijfclh.supabase.co/rest/v1/sessions "HTTP/2 201 Created"
2026-07-01 16:31:31 | INFO | [Metrics] Sessão criada no Supabase: 3e53c71f-8eec-40ba-8ed0-72c590c1e63c
2026-07-01 16:38:10 | INFO | Assets path configured: /app/assets
2026-07-01 16:38:10 | INFO | Starting up UDS server on /tmp/YuTMMPTIS8
2026-07-01 16:38:10 | INFO | Flet app has started...
2026-07-01 16:38:16 | INFO | App URL: /tmp/YuTMMPTIS8
2026-07-01 16:38:16 | INFO | Starting Flet View app...
2026-07-01 16:38:17 | INFO | Looking for Flet bundle archive at: /opt/venv/lib/python3.12/site-packages/flet_desktop/app/flet-linux-amd64.tar.gz
2026-07-01 16:38:17 | INFO | Extracting Flet from archive to /root/.flet/client/flet-desktop-0.81.0
2026-07-01 16:38:18 | INFO | App session started
2026-07-01 16:38:19 | WARNING | AppOpener unavailable (Windows-only). Using subprocess fallback for open/close.
2026-07-01 16:38:19 | INFO | Carregando modelo ASR [faster-whisper]: small
2026-07-01 16:38:22 | INFO | HTTP Request: POST https://rxqiqknvlxjcojijfclh.supabase.co/rest/v1/sessions "HTTP/2 201 Created"
2026-07-01 16:38:22 | INFO | [Metrics] Sessão criada no Supabase: 876469a9-a580-4ba5-a16b-1e4c5a9fcbac
2026-07-01 16:38:23 | INFO | HTTP Request: POST https://rxqiqknvlxjcojijfclh.supabase.co/rest/v1/sessions "HTTP/2 201 Created"
2026-07-01 16:38:23 | INFO | [Metrics] Sessão criada no Supabase: a2eea937-0632-4706-8b54-7b5ead862fbe
2026-07-01 16:38:23 | INFO | Pre-warm concluído.
2026-07-01 16:38:24 | INFO | Modelo 'faster-whisper:small' pronto.
2026-07-01 16:38:49 | INFO | HTTP Request: POST https://rxqiqknvlxjcojijfclh.supabase.co/rest/v1/sessions "HTTP/2 201 Created"
2026-07-01 16:38:49 | INFO | [Metrics] Sessão criada no Supabase: e25e44f4-42e7-43d8-9aa2-6a49264bc8d6
2026-07-01 16:38:51 | INFO | Adjusted for ambient noise. Listening...
2026-07-01 16:38:52 | INFO | Listen end: <speech_recognition.audio.AudioData object at 0x758b8ecea840>
2026-07-01 16:38:53 | INFO | Processing audio with duration 00:01.579
2026-07-01 16:38:54 | INFO | Recognized: O que você acha disso?
2026-07-01 16:38:54 | INFO | [ASR Metrics] latency=1244ms | RTF=0.788 | conf=84.38%
2026-07-01 16:38:54 | INFO | No command recognized in this phrase.
2026-07-01 16:38:57 | INFO | [Feedback] ✓ | Session success rate: 100.0% (1/1)
2026-07-01 16:38:57 | INFO | HTTP Request: POST https://rxqiqknvlxjcojijfclh.supabase.co/rest/v1/transcription_results "HTTP/2 400 Bad Request"
2026-07-01 16:38:57 | ERROR | [Metrics] Falha no Supabase, salvando offline: {'message': "Could not find the 'model' column of 'transcription_results' in the schema cache", 'code': 'PGRST204', 'hint': None, 'details': None}
2026-07-01 16:38:57 | INFO | [Metrics] Salvo offline (1 na fila).
2026-07-01 16:48:00 | INFO | Assets path configured: /app/assets
2026-07-01 16:48:00 | INFO | Starting up UDS server on /tmp/k4SW3ZGLmB
2026-07-01 16:48:00 | INFO | Flet app has started...
2026-07-01 16:48:07 | INFO | App URL: /tmp/k4SW3ZGLmB
2026-07-01 16:48:07 | INFO | Starting Flet View app...
2026-07-01 16:48:08 | INFO | Looking for Flet bundle archive at: /opt/venv/lib/python3.12/site-packages/flet_desktop/app/flet-linux-amd64.tar.gz
2026-07-01 16:48:08 | INFO | Extracting Flet from archive to /root/.flet/client/flet-desktop-0.81.0
2026-07-01 16:48:10 | INFO | App session started
2026-07-01 16:48:10 | WARNING | AppOpener unavailable (Windows-only). Using subprocess fallback for open/close.
2026-07-01 16:48:10 | INFO | Carregando modelo ASR [faster-whisper]: small
2026-07-01 16:48:13 | INFO | HTTP Request: POST https://rxqiqknvlxjcojijfclh.supabase.co/rest/v1/sessions "HTTP/2 201 Created"
2026-07-01 16:48:13 | INFO | [Metrics] Sessão criada no Supabase: 508f764c-ed00-422b-8a51-ac21fddcc358
2026-07-01 16:48:14 | INFO | HTTP Request: POST https://rxqiqknvlxjcojijfclh.supabase.co/rest/v1/transcription_results "HTTP/2 400 Bad Request"
2026-07-01 16:48:14 | ERROR | [Metrics] Falha ao sincronizar registro: {'message': "Could not find the 'model' column of 'transcription_results' in the schema cache", 'code': 'PGRST204', 'hint': None, 'details': None}
2026-07-01 16:48:14 | INFO | [Metrics] Sync: 0 enviados, 1 na fila.
2026-07-01 16:48:15 | INFO | HTTP Request: POST https://rxqiqknvlxjcojijfclh.supabase.co/rest/v1/sessions "HTTP/2 201 Created"
2026-07-01 16:48:15 | INFO | [Metrics] Sessão criada no Supabase: 912b62b7-a88a-464a-9beb-a6f9328bb766
2026-07-01 16:48:16 | INFO | HTTP Request: POST https://rxqiqknvlxjcojijfclh.supabase.co/rest/v1/transcription_results "HTTP/2 400 Bad Request"
2026-07-01 16:48:16 | ERROR | [Metrics] Falha ao sincronizar registro: {'message': "Could not find the 'model' column of 'transcription_results' in the schema cache", 'code': 'PGRST204', 'hint': None, 'details': None}
2026-07-01 16:48:16 | INFO | [Metrics] Sync: 0 enviados, 1 na fila.
2026-07-01 16:48:16 | INFO | Pre-warm concluído.
2026-07-01 16:48:16 | INFO | Modelo 'faster-whisper:small' pronto.
2026-07-01 16:49:08 | INFO | HTTP Request: POST https://rxqiqknvlxjcojijfclh.supabase.co/rest/v1/sessions "HTTP/2 201 Created"
2026-07-01 16:49:08 | INFO | [Metrics] Sessão criada no Supabase: e99a7b83-af80-45c0-ab42-52341d54ffbb
2026-07-01 16:49:09 | INFO | HTTP Request: POST https://rxqiqknvlxjcojijfclh.supabase.co/rest/v1/transcription_results "HTTP/2 400 Bad Request"
2026-07-01 16:49:09 | ERROR | [Metrics] Falha ao sincronizar registro: {'message': "Could not find the 'model' column of 'transcription_results' in the schema cache", 'code': 'PGRST204', 'hint': None, 'details': None}
2026-07-01 16:49:09 | INFO | [Metrics] Sync: 0 enviados, 1 na fila.
2026-07-01 16:49:22 | INFO | HTTP Request: POST https://rxqiqknvlxjcojijfclh.supabase.co/rest/v1/sessions "HTTP/2 201 Created"
2026-07-01 16:49:22 | INFO | [Metrics] Sessão criada no Supabase: cb850833-a15d-4cc1-877c-cae69efe92df
2026-07-01 16:49:23 | INFO | HTTP Request: POST https://rxqiqknvlxjcojijfclh.supabase.co/rest/v1/transcription_results "HTTP/2 400 Bad Request"
2026-07-01 16:49:23 | ERROR | [Metrics] Falha ao sincronizar registro: {'message': "Could not find the 'model' column of 'transcription_results' in the schema cache", 'code': 'PGRST204', 'hint': None, 'details': None}
2026-07-01 16:49:23 | INFO | [Metrics] Sync: 0 enviados, 1 na fila.
2026-07-01 16:49:23 | ERROR | Unhandled error in 'on_route_change' handler
Traceback (most recent call last):
  File "/opt/venv/lib/python3.12/site-packages/flet/messaging/session.py", line 194, in dispatch_event
    await control._trigger_event(event_name, event_data)
  File "/opt/venv/lib/python3.12/site-packages/flet/controls/base_control.py", line 318, in _trigger_event
    await event_handler()
  File "/app/main.py", line 113, in route_change
    editor_layout.controls.append(self.menu_instance.build_ui(current_path))
                                  ^^^^^^^^^^^^^^^^^^^^^^^^^^^^^^^^^^^^^^^^^
  File "/app/frontend/editor_menu.py", line 221, in build_ui
    self.mic_button = self.container.generic_container_with_mic_button(width=80, height=80, mic_size=36, on_click=self.handle_mic_click)
                                                                                                                  ^^^^^^^^^^^^^^^^^^^^^
AttributeError: 'EditorMenu' object has no attribute 'handle_mic_click'
2026-07-01 16:51:00 | INFO | Assets path configured: /app/assets
2026-07-01 16:51:00 | INFO | Starting up UDS server on /tmp/aKnJVVOhU4
2026-07-01 16:51:00 | INFO | Flet app has started...
2026-07-01 16:51:00 | INFO | App URL: /tmp/aKnJVVOhU4
2026-07-01 16:51:00 | INFO | Starting Flet View app...
2026-07-01 16:51:00 | INFO | Looking for Flet bundle archive at: /opt/venv/lib/python3.12/site-packages/flet_desktop/app/flet-linux-amd64.tar.gz
2026-07-01 16:51:00 | INFO | Extracting Flet from archive to /root/.flet/bin/flet-
2026-07-01 16:51:01 | INFO | App session started
2026-07-01 16:51:01 | WARNING | AppOpener unavailable (Windows-only). Using subprocess fallback for open/close.
2026-07-01 16:51:02 | INFO | Carregando modelo ASR [faster-whisper]: small
2026-07-01 16:51:04 | INFO | HTTP Request: POST https://rxqiqknvlxjcojijfclh.supabase.co/rest/v1/sessions "HTTP/2 201 Created"
2026-07-01 16:51:04 | INFO | [Metrics] Sessão criada no Supabase: 396a53b1-630f-4980-92f0-032816efd335
2026-07-01 16:51:04 | INFO | HTTP Request: POST https://rxqiqknvlxjcojijfclh.supabase.co/rest/v1/transcription_results "HTTP/2 400 Bad Request"
2026-07-01 16:51:04 | ERROR | [Metrics] Falha ao sincronizar registro: {'message': "Could not find the 'model' column of 'transcription_results' in the schema cache", 'code': 'PGRST204', 'hint': None, 'details': None}
2026-07-01 16:51:04 | INFO | [Metrics] Sync: 0 enviados, 1 na fila.
2026-07-01 16:51:05 | INFO | HTTP Request: POST https://rxqiqknvlxjcojijfclh.supabase.co/rest/v1/sessions "HTTP/2 201 Created"
2026-07-01 16:51:05 | INFO | [Metrics] Sessão criada no Supabase: ebe0dc2f-588d-4f86-b561-ef725ad8e0d2
2026-07-01 16:51:05 | INFO | HTTP Request: POST https://rxqiqknvlxjcojijfclh.supabase.co/rest/v1/transcription_results "HTTP/2 400 Bad Request"
2026-07-01 16:51:05 | ERROR | [Metrics] Falha ao sincronizar registro: {'message': "Could not find the 'model' column of 'transcription_results' in the schema cache", 'code': 'PGRST204', 'hint': None, 'details': None}
2026-07-01 16:51:05 | INFO | [Metrics] Sync: 0 enviados, 1 na fila.
2026-07-01 16:51:05 | INFO | Pre-warm concluído.
2026-07-01 16:51:07 | INFO | HTTP Request: POST https://rxqiqknvlxjcojijfclh.supabase.co/rest/v1/sessions "HTTP/2 201 Created"
2026-07-01 16:51:07 | INFO | [Metrics] Sessão criada no Supabase: c1493d89-b8ac-41de-b0dc-ddf60925f569
2026-07-01 16:51:07 | INFO | HTTP Request: POST https://rxqiqknvlxjcojijfclh.supabase.co/rest/v1/transcription_results "HTTP/2 400 Bad Request"
2026-07-01 16:51:07 | ERROR | [Metrics] Falha ao sincronizar registro: {'message': "Could not find the 'model' column of 'transcription_results' in the schema cache", 'code': 'PGRST204', 'hint': None, 'details': None}
2026-07-01 16:51:07 | INFO | [Metrics] Sync: 0 enviados, 1 na fila.
2026-07-01 16:51:08 | INFO | Modelo 'faster-whisper:small' pronto.
2026-07-01 16:51:12 | INFO | HTTP Request: POST https://rxqiqknvlxjcojijfclh.supabase.co/rest/v1/sessions "HTTP/2 201 Created"
2026-07-01 16:51:12 | INFO | [Metrics] Sessão criada no Supabase: 370cf4c0-c205-4765-a2cc-3762613d0311
2026-07-01 16:51:12 | INFO | HTTP Request: POST https://rxqiqknvlxjcojijfclh.supabase.co/rest/v1/transcription_results "HTTP/2 400 Bad Request"
2026-07-01 16:51:12 | ERROR | [Metrics] Falha ao sincronizar registro: {'message': "Could not find the 'model' column of 'transcription_results' in the schema cache", 'code': 'PGRST204', 'hint': None, 'details': None}
2026-07-01 16:51:12 | INFO | [Metrics] Sync: 0 enviados, 1 na fila.
2026-07-01 16:51:17 | ERROR | Unhandled error in 'on_click' handler
Traceback (most recent call last):
  File "/opt/venv/lib/python3.12/site-packages/flet/messaging/session.py", line 194, in dispatch_event
    await control._trigger_event(event_name, event_data)
  File "/opt/venv/lib/python3.12/site-packages/flet/controls/base_control.py", line 344, in _trigger_event
    event_handler(e)
  File "/app/frontend/widgets/containers_generic.py", line 142, in <lambda>
    on_click=lambda e: on_click(mic_button=container, e=e)
                       ^^^^^^^^^^^^^^^^^^^^^^^^^^^^^^^^^^^
TypeError: EditorMenu.run_speech_recognition() got an unexpected keyword argument 'mic_button'
2026-07-01 16:52:02 | INFO | Assets path configured: /app/assets
2026-07-01 16:52:02 | INFO | Starting up UDS server on /tmp/6vRU5JGRvT
2026-07-01 16:52:02 | INFO | Flet app has started...
2026-07-01 16:52:02 | INFO | App URL: /tmp/6vRU5JGRvT
2026-07-01 16:52:02 | INFO | Starting Flet View app...
2026-07-01 16:52:02 | INFO | Flet View found in: /root/.flet/bin/flet-
2026-07-01 16:52:03 | INFO | App session started
2026-07-01 16:52:03 | WARNING | AppOpener unavailable (Windows-only). Using subprocess fallback for open/close.
2026-07-01 16:52:03 | INFO | Carregando modelo ASR [faster-whisper]: small
2026-07-01 16:52:05 | INFO | HTTP Request: POST https://rxqiqknvlxjcojijfclh.supabase.co/rest/v1/sessions "HTTP/2 201 Created"
2026-07-01 16:52:05 | INFO | [Metrics] Sessão criada no Supabase: ba6b4855-14ef-48d3-934e-769d7db51731
2026-07-01 16:52:05 | INFO | HTTP Request: POST https://rxqiqknvlxjcojijfclh.supabase.co/rest/v1/transcription_results "HTTP/2 400 Bad Request"
2026-07-01 16:52:05 | ERROR | [Metrics] Falha ao sincronizar registro: {'message': "Could not find the 'model' column of 'transcription_results' in the schema cache", 'code': 'PGRST204', 'hint': None, 'details': None}
2026-07-01 16:52:05 | INFO | [Metrics] Sync: 0 enviados, 1 na fila.
2026-07-01 16:52:06 | INFO | HTTP Request: POST https://rxqiqknvlxjcojijfclh.supabase.co/rest/v1/sessions "HTTP/2 201 Created"
2026-07-01 16:52:06 | INFO | [Metrics] Sessão criada no Supabase: 40aadfad-37a8-495b-a980-3a8a973d2a1c
2026-07-01 16:52:06 | INFO | HTTP Request: POST https://rxqiqknvlxjcojijfclh.supabase.co/rest/v1/transcription_results "HTTP/2 400 Bad Request"
2026-07-01 16:52:06 | ERROR | [Metrics] Falha ao sincronizar registro: {'message': "Could not find the 'model' column of 'transcription_results' in the schema cache", 'code': 'PGRST204', 'hint': None, 'details': None}
2026-07-01 16:52:06 | INFO | [Metrics] Sync: 0 enviados, 1 na fila.
2026-07-01 16:52:06 | INFO | Pre-warm concluído.
2026-07-01 16:52:07 | INFO | HTTP Request: POST https://rxqiqknvlxjcojijfclh.supabase.co/rest/v1/sessions "HTTP/2 201 Created"
2026-07-01 16:52:07 | INFO | [Metrics] Sessão criada no Supabase: 35098148-5806-4d3f-8223-f682678478dd
2026-07-01 16:52:08 | INFO | HTTP Request: POST https://rxqiqknvlxjcojijfclh.supabase.co/rest/v1/transcription_results "HTTP/2 400 Bad Request"
2026-07-01 16:52:08 | ERROR | [Metrics] Falha ao sincronizar registro: {'message': "Could not find the 'model' column of 'transcription_results' in the schema cache", 'code': 'PGRST204', 'hint': None, 'details': None}
2026-07-01 16:52:08 | INFO | [Metrics] Sync: 0 enviados, 1 na fila.
2026-07-01 16:52:08 | INFO | Modelo 'faster-whisper:small' pronto.
2026-07-01 16:52:40 | INFO | HTTP Request: POST https://rxqiqknvlxjcojijfclh.supabase.co/rest/v1/sessions "HTTP/2 201 Created"
2026-07-01 16:52:40 | INFO | [Metrics] Sessão criada no Supabase: 50504c7b-0db5-4776-85d8-189ddb61a784
2026-07-01 16:52:40 | INFO | HTTP Request: POST https://rxqiqknvlxjcojijfclh.supabase.co/rest/v1/transcription_results "HTTP/2 400 Bad Request"
2026-07-01 16:52:40 | ERROR | [Metrics] Falha ao sincronizar registro: {'message': "Could not find the 'model' column of 'transcription_results' in the schema cache", 'code': 'PGRST204', 'hint': None, 'details': None}
2026-07-01 16:52:40 | INFO | [Metrics] Sync: 0 enviados, 1 na fila.
2026-07-01 16:55:34 | INFO | Assets path configured: /app/assets
2026-07-01 16:55:34 | INFO | Starting up UDS server on /tmp/fZbA7TtqoB
2026-07-01 16:55:34 | INFO | Flet app has started...
2026-07-01 16:55:34 | INFO | App URL: /tmp/fZbA7TtqoB
2026-07-01 16:55:34 | INFO | Starting Flet View app...
2026-07-01 16:55:34 | INFO | Flet View found in: /root/.flet/bin/flet-
2026-07-01 16:55:35 | INFO | App session started
2026-07-01 16:55:35 | WARNING | AppOpener unavailable (Windows-only). Using subprocess fallback for open/close.
2026-07-01 16:55:35 | INFO | Carregando modelo ASR [faster-whisper]: small
2026-07-01 16:55:38 | INFO | HTTP Request: POST https://rxqiqknvlxjcojijfclh.supabase.co/rest/v1/sessions "HTTP/2 201 Created"
2026-07-01 16:55:38 | INFO | [Metrics] Sessão criada no Supabase: 27249234-a41d-4a08-aeab-a7661e4e8102
2026-07-01 16:55:38 | INFO | HTTP Request: POST https://rxqiqknvlxjcojijfclh.supabase.co/rest/v1/transcription_results "HTTP/2 400 Bad Request"
2026-07-01 16:55:38 | ERROR | [Metrics] Falha ao sincronizar registro: {'message': "Could not find the 'model' column of 'transcription_results' in the schema cache", 'code': 'PGRST204', 'hint': None, 'details': None}
2026-07-01 16:55:38 | INFO | [Metrics] Sync: 0 enviados, 1 na fila.
2026-07-01 16:55:39 | INFO | HTTP Request: POST https://rxqiqknvlxjcojijfclh.supabase.co/rest/v1/sessions "HTTP/2 201 Created"
2026-07-01 16:55:39 | INFO | [Metrics] Sessão criada no Supabase: 406afe68-d619-4d3a-8c4a-68843527ce4d
2026-07-01 16:55:39 | INFO | HTTP Request: POST https://rxqiqknvlxjcojijfclh.supabase.co/rest/v1/transcription_results "HTTP/2 400 Bad Request"
2026-07-01 16:55:39 | ERROR | [Metrics] Falha ao sincronizar registro: {'message': "Could not find the 'model' column of 'transcription_results' in the schema cache", 'code': 'PGRST204', 'hint': None, 'details': None}
2026-07-01 16:55:39 | INFO | [Metrics] Sync: 0 enviados, 1 na fila.
2026-07-01 16:55:39 | INFO | Pre-warm concluído.
2026-07-01 16:55:40 | INFO | HTTP Request: POST https://rxqiqknvlxjcojijfclh.supabase.co/rest/v1/sessions "HTTP/2 201 Created"
2026-07-01 16:55:40 | INFO | [Metrics] Sessão criada no Supabase: da0bee8a-08b1-4055-9d56-f0655d1aef19
2026-07-01 16:55:41 | INFO | Modelo 'faster-whisper:small' pronto.
2026-07-01 16:55:41 | INFO | HTTP Request: POST https://rxqiqknvlxjcojijfclh.supabase.co/rest/v1/transcription_results "HTTP/2 400 Bad Request"
2026-07-01 16:55:41 | ERROR | [Metrics] Falha ao sincronizar registro: {'message': "Could not find the 'model' column of 'transcription_results' in the schema cache", 'code': 'PGRST204', 'hint': None, 'details': None}
2026-07-01 16:55:41 | INFO | [Metrics] Sync: 0 enviados, 1 na fila.
2026-07-01 16:55:43 | INFO | HTTP Request: POST https://rxqiqknvlxjcojijfclh.supabase.co/rest/v1/sessions "HTTP/2 201 Created"
2026-07-01 16:55:43 | INFO | [Metrics] Sessão criada no Supabase: 1c490093-e287-45d9-88cf-2b4bfb1a896a
2026-07-01 16:55:44 | INFO | HTTP Request: POST https://rxqiqknvlxjcojijfclh.supabase.co/rest/v1/transcription_results "HTTP/2 400 Bad Request"
2026-07-01 16:55:44 | ERROR | [Metrics] Falha ao sincronizar registro: {'message': "Could not find the 'model' column of 'transcription_results' in the schema cache", 'code': 'PGRST204', 'hint': None, 'details': None}
2026-07-01 16:55:44 | INFO | [Metrics] Sync: 0 enviados, 1 na fila.
2026-07-01 16:55:48 | ERROR | Unhandled error in 'on_click' handler
Traceback (most recent call last):
  File "/opt/venv/lib/python3.12/site-packages/flet/messaging/session.py", line 194, in dispatch_event
    await control._trigger_event(event_name, event_data)
  File "/opt/venv/lib/python3.12/site-packages/flet/controls/base_control.py", line 344, in _trigger_event
    event_handler(e)
  File "/app/frontend/widgets/containers_generic.py", line 142, in <lambda>
    on_click=lambda e: on_click()
                       ^^^^^^^^^^
TypeError: EditorMenu.build_ui.<locals>.<lambda>() missing 1 required positional argument: 'e'
2026-07-01 16:56:26 | INFO | Assets path configured: /app/assets
2026-07-01 16:56:26 | INFO | Starting up UDS server on /tmp/VMPhWoMjS0
2026-07-01 16:56:26 | INFO | Flet app has started...
2026-07-01 16:56:26 | INFO | App URL: /tmp/VMPhWoMjS0
2026-07-01 16:56:26 | INFO | Starting Flet View app...
2026-07-01 16:56:26 | INFO | Flet View found in: /root/.flet/bin/flet-
2026-07-01 16:56:28 | INFO | App session started
2026-07-01 16:56:28 | WARNING | AppOpener unavailable (Windows-only). Using subprocess fallback for open/close.
2026-07-01 16:56:28 | INFO | Carregando modelo ASR [faster-whisper]: small
2026-07-01 16:56:30 | INFO | HTTP Request: POST https://rxqiqknvlxjcojijfclh.supabase.co/rest/v1/sessions "HTTP/2 201 Created"
2026-07-01 16:56:30 | INFO | [Metrics] Sessão criada no Supabase: a2640912-6bb4-4639-86f7-1442ec647a30
2026-07-01 16:56:30 | INFO | HTTP Request: POST https://rxqiqknvlxjcojijfclh.supabase.co/rest/v1/transcription_results "HTTP/2 400 Bad Request"
2026-07-01 16:56:30 | ERROR | [Metrics] Falha ao sincronizar registro: {'message': "Could not find the 'model' column of 'transcription_results' in the schema cache", 'code': 'PGRST204', 'hint': None, 'details': None}
2026-07-01 16:56:30 | INFO | [Metrics] Sync: 0 enviados, 1 na fila.
2026-07-01 16:56:31 | INFO | HTTP Request: POST https://rxqiqknvlxjcojijfclh.supabase.co/rest/v1/sessions "HTTP/2 201 Created"
2026-07-01 16:56:31 | INFO | [Metrics] Sessão criada no Supabase: d61ad640-6947-4949-a63c-7e250da40b9c
2026-07-01 16:56:31 | INFO | HTTP Request: POST https://rxqiqknvlxjcojijfclh.supabase.co/rest/v1/transcription_results "HTTP/2 400 Bad Request"
2026-07-01 16:56:31 | ERROR | [Metrics] Falha ao sincronizar registro: {'message': "Could not find the 'model' column of 'transcription_results' in the schema cache", 'code': 'PGRST204', 'hint': None, 'details': None}
2026-07-01 16:56:31 | INFO | [Metrics] Sync: 0 enviados, 1 na fila.
2026-07-01 16:56:31 | INFO | Pre-warm concluído.
2026-07-01 16:56:32 | INFO | HTTP Request: POST https://rxqiqknvlxjcojijfclh.supabase.co/rest/v1/sessions "HTTP/2 201 Created"
2026-07-01 16:56:32 | INFO | [Metrics] Sessão criada no Supabase: 04794ef4-6fe3-4c9e-bd38-d83c78fa287f
2026-07-01 16:56:32 | INFO | HTTP Request: POST https://rxqiqknvlxjcojijfclh.supabase.co/rest/v1/transcription_results "HTTP/2 400 Bad Request"
2026-07-01 16:56:32 | ERROR | [Metrics] Falha ao sincronizar registro: {'message': "Could not find the 'model' column of 'transcription_results' in the schema cache", 'code': 'PGRST204', 'hint': None, 'details': None}
2026-07-01 16:56:32 | INFO | [Metrics] Sync: 0 enviados, 1 na fila.
2026-07-01 16:56:34 | INFO | Modelo 'faster-whisper:small' pronto.
2026-07-01 16:56:34 | INFO | HTTP Request: POST https://rxqiqknvlxjcojijfclh.supabase.co/rest/v1/sessions "HTTP/2 201 Created"
2026-07-01 16:56:34 | INFO | [Metrics] Sessão criada no Supabase: 3168419d-79df-4472-aa73-749cd6b18bc4
2026-07-01 16:56:34 | INFO | HTTP Request: POST https://rxqiqknvlxjcojijfclh.supabase.co/rest/v1/transcription_results "HTTP/2 400 Bad Request"
2026-07-01 16:56:34 | ERROR | [Metrics] Falha ao sincronizar registro: {'message': "Could not find the 'model' column of 'transcription_results' in the schema cache", 'code': 'PGRST204', 'hint': None, 'details': None}
2026-07-01 16:56:34 | INFO | [Metrics] Sync: 0 enviados, 1 na fila.
2026-07-01 16:56:38 | INFO | Adjusted for ambient noise. Listening...
2026-07-01 16:56:44 | INFO | Processing audio with duration 00:04.505
2026-07-01 16:56:45 | INFO | Recognized: 
2026-07-01 16:56:45 | INFO | [ASR Metrics] latency=1092ms | RTF=0.242
2026-07-01 16:56:53 | INFO | Adjusted for ambient noise. Listening...
2026-07-01 16:56:58 | INFO | Processing audio with duration 00:03.715
2026-07-01 16:56:58 | INFO | Recognized: tá reconhecendo o áudio? mais animação
2026-07-01 16:56:58 | INFO | [ASR Metrics] latency=667ms | RTF=0.180 | conf=69.78%
2026-07-01 16:57:18 | INFO | Silence timeout (20s) — ending transcription.
2026-07-01 17:03:32 | INFO | Assets path configured: /app/assets
2026-07-01 17:03:32 | INFO | Starting up UDS server on /tmp/AOSPuf0YlN
2026-07-01 17:03:32 | INFO | Flet app has started...
2026-07-01 17:03:32 | INFO | App URL: /tmp/AOSPuf0YlN
2026-07-01 17:03:32 | INFO | Starting Flet View app...
2026-07-01 17:03:32 | INFO | Flet View found in: /root/.flet/bin/flet-
2026-07-01 17:03:33 | INFO | App session started
2026-07-01 17:03:33 | WARNING | AppOpener unavailable (Windows-only). Using subprocess fallback for open/close.
2026-07-01 17:03:33 | INFO | Carregando modelo ASR [faster-whisper]: small
2026-07-01 17:03:35 | INFO | HTTP Request: POST https://rxqiqknvlxjcojijfclh.supabase.co/rest/v1/sessions "HTTP/2 201 Created"
2026-07-01 17:03:35 | INFO | [Metrics] Sessão criada no Supabase: 89ecbb86-7189-4027-9809-30cbe9ba8aa9
2026-07-01 17:03:36 | INFO | HTTP Request: POST https://rxqiqknvlxjcojijfclh.supabase.co/rest/v1/transcription_results "HTTP/2 400 Bad Request"
2026-07-01 17:03:36 | ERROR | [Metrics] Falha ao sincronizar registro: {'message': "Could not find the 'model' column of 'transcription_results' in the schema cache", 'code': 'PGRST204', 'hint': None, 'details': None}
2026-07-01 17:03:36 | INFO | [Metrics] Sync: 0 enviados, 1 na fila.
2026-07-01 17:03:36 | INFO | HTTP Request: POST https://rxqiqknvlxjcojijfclh.supabase.co/rest/v1/sessions "HTTP/2 201 Created"
2026-07-01 17:03:36 | INFO | [Metrics] Sessão criada no Supabase: 70e19151-49f3-4464-b021-6977dfa4f7de
2026-07-01 17:03:37 | INFO | HTTP Request: POST https://rxqiqknvlxjcojijfclh.supabase.co/rest/v1/transcription_results "HTTP/2 400 Bad Request"
2026-07-01 17:03:37 | ERROR | [Metrics] Falha ao sincronizar registro: {'message': "Could not find the 'model' column of 'transcription_results' in the schema cache", 'code': 'PGRST204', 'hint': None, 'details': None}
2026-07-01 17:03:37 | INFO | [Metrics] Sync: 0 enviados, 1 na fila.
2026-07-01 17:03:37 | INFO | Pre-warm concluído.
2026-07-01 17:03:38 | INFO | Modelo 'faster-whisper:small' pronto.
2026-07-01 17:03:39 | INFO | HTTP Request: POST https://rxqiqknvlxjcojijfclh.supabase.co/rest/v1/sessions "HTTP/2 201 Created"
2026-07-01 17:03:39 | INFO | [Metrics] Sessão criada no Supabase: 63468a52-1fe7-482d-a513-dca74a12bbce
2026-07-01 17:03:39 | INFO | HTTP Request: POST https://rxqiqknvlxjcojijfclh.supabase.co/rest/v1/transcription_results "HTTP/2 400 Bad Request"
2026-07-01 17:03:39 | ERROR | [Metrics] Falha ao sincronizar registro: {'message': "Could not find the 'model' column of 'transcription_results' in the schema cache", 'code': 'PGRST204', 'hint': None, 'details': None}
2026-07-01 17:03:39 | INFO | [Metrics] Sync: 0 enviados, 1 na fila.
2026-07-01 17:03:40 | ERROR | exception calling callback for <Future at 0x715fa896c0e0 state=finished raised AttributeError>
Traceback (most recent call last):
  File "/usr/lib/python3.12/concurrent/futures/_base.py", line 340, in _invoke_callbacks
    callback(self)
  File "/opt/venv/lib/python3.12/site-packages/flet/controls/page.py", line 504, in _on_completion
    raise exception
  File "/app/frontend/widgets/mic.py", line 41, in pulse_animation
    container_button.shadow.color = ft.Colors.with_opacity(0.6, "#028268")
    ^^^^^^^^^^^^^^^^^^^^^^^
AttributeError: 'Event' object has no attribute 'shadow'
2026-07-01 17:03:41 | INFO | Adjusted for ambient noise. Listening...
2026-07-01 17:03:46 | INFO | Listen end: <speech_recognition.audio.AudioData object at 0x715ea20d58e0>
2026-07-01 17:03:47 | INFO | Processing audio with duration 00:02.508
2026-07-01 17:03:48 | INFO | Recognized: 
2026-07-01 17:03:48 | INFO | [ASR Metrics] latency=1118ms | RTF=0.446
2026-07-01 17:04:45 | INFO | Assets path configured: /app/assets
2026-07-01 17:04:45 | INFO | Starting up UDS server on /tmp/mT72BSm0Qk
2026-07-01 17:04:45 | INFO | Flet app has started...
2026-07-01 17:04:45 | INFO | App URL: /tmp/mT72BSm0Qk
2026-07-01 17:04:45 | INFO | Starting Flet View app...
2026-07-01 17:04:45 | INFO | Flet View found in: /root/.flet/bin/flet-
2026-07-01 17:04:46 | INFO | App session started
2026-07-01 17:04:46 | WARNING | AppOpener unavailable (Windows-only). Using subprocess fallback for open/close.
2026-07-01 17:04:46 | INFO | Carregando modelo ASR [faster-whisper]: small
2026-07-01 17:04:48 | INFO | HTTP Request: POST https://rxqiqknvlxjcojijfclh.supabase.co/rest/v1/sessions "HTTP/2 201 Created"
2026-07-01 17:04:48 | INFO | [Metrics] Sessão criada no Supabase: c9084b70-cfc2-494a-8348-05f73e24dadf
2026-07-01 17:04:48 | INFO | HTTP Request: POST https://rxqiqknvlxjcojijfclh.supabase.co/rest/v1/transcription_results "HTTP/2 400 Bad Request"
2026-07-01 17:04:48 | ERROR | [Metrics] Falha ao sincronizar registro: {'message': "Could not find the 'model' column of 'transcription_results' in the schema cache", 'code': 'PGRST204', 'hint': None, 'details': None}
2026-07-01 17:04:48 | INFO | [Metrics] Sync: 0 enviados, 1 na fila.
2026-07-01 17:04:49 | INFO | HTTP Request: POST https://rxqiqknvlxjcojijfclh.supabase.co/rest/v1/sessions "HTTP/2 201 Created"
2026-07-01 17:04:49 | INFO | [Metrics] Sessão criada no Supabase: fdc0e38e-5ac5-4298-a7e9-90b9932cb77a
2026-07-01 17:04:49 | INFO | HTTP Request: POST https://rxqiqknvlxjcojijfclh.supabase.co/rest/v1/transcription_results "HTTP/2 400 Bad Request"
2026-07-01 17:04:49 | ERROR | [Metrics] Falha ao sincronizar registro: {'message': "Could not find the 'model' column of 'transcription_results' in the schema cache", 'code': 'PGRST204', 'hint': None, 'details': None}
2026-07-01 17:04:49 | INFO | [Metrics] Sync: 0 enviados, 1 na fila.
2026-07-01 17:04:49 | INFO | Pre-warm concluído.
2026-07-01 17:04:50 | INFO | HTTP Request: POST https://rxqiqknvlxjcojijfclh.supabase.co/rest/v1/sessions "HTTP/2 201 Created"
2026-07-01 17:04:50 | INFO | [Metrics] Sessão criada no Supabase: a1189c48-f8a5-4fc9-be9c-aab5b7836f9d
2026-07-01 17:04:50 | INFO | HTTP Request: POST https://rxqiqknvlxjcojijfclh.supabase.co/rest/v1/transcription_results "HTTP/2 400 Bad Request"
2026-07-01 17:04:50 | ERROR | [Metrics] Falha ao sincronizar registro: {'message': "Could not find the 'model' column of 'transcription_results' in the schema cache", 'code': 'PGRST204', 'hint': None, 'details': None}
2026-07-01 17:04:50 | INFO | [Metrics] Sync: 0 enviados, 1 na fila.
2026-07-01 17:04:51 | INFO | Modelo 'faster-whisper:small' pronto.
2026-07-01 17:04:52 | INFO | Adjusted for ambient noise. Listening...
2026-07-01 17:04:56 | INFO | Listen end: <speech_recognition.audio.AudioData object at 0x7850b1e4bdd0>
2026-07-01 17:04:56 | INFO | Processing audio with duration 00:03.460
2026-07-01 17:04:57 | INFO | Recognized: Vamos testar a transcrição.
2026-07-01 17:04:57 | INFO | [ASR Metrics] latency=963ms | RTF=0.278 | conf=89.22%
2026-07-01 17:04:57 | INFO | No command recognized in this phrase.
2026-07-01 17:05:02 | INFO | [Feedback] ✗ | Session success rate: 0.0% (0/1)
2026-07-01 17:05:03 | INFO | HTTP Request: POST https://rxqiqknvlxjcojijfclh.supabase.co/rest/v1/command_results "HTTP/2 400 Bad Request"
2026-07-01 17:05:03 | ERROR | [Metrics] Falha no Supabase, salvando offline: {'message': "Could not find the 'avg_confidence' column of 'command_results' in the schema cache", 'code': 'PGRST204', 'hint': None, 'details': None}
2026-07-01 17:05:03 | INFO | [Metrics] Salvo offline (2 na fila).
2026-07-01 17:05:05 | INFO | Adjusted for ambient noise. Listening...
2026-07-01 17:05:06 | INFO | Listen end: <speech_recognition.audio.AudioData object at 0x784fa7532f30>
2026-07-01 17:05:07 | INFO | Processing audio with duration 00:00.882
2026-07-01 17:05:08 | INFO | Recognized: Boa!
2026-07-01 17:05:08 | INFO | [ASR Metrics] latency=1389ms | RTF=1.575 | conf=44.90%
2026-07-01 17:05:08 | INFO | No command recognized in this phrase.
2026-07-01 17:05:11 | INFO | [Feedback] ✗ | Session success rate: 0.0% (0/2)
2026-07-01 17:05:12 | INFO | HTTP Request: POST https://rxqiqknvlxjcojijfclh.supabase.co/rest/v1/command_results "HTTP/2 400 Bad Request"
2026-07-01 17:05:12 | ERROR | [Metrics] Falha no Supabase, salvando offline: {'message': "Could not find the 'avg_confidence' column of 'command_results' in the schema cache", 'code': 'PGRST204', 'hint': None, 'details': None}
2026-07-01 17:05:12 | INFO | [Metrics] Salvo offline (3 na fila).
2026-07-01 17:05:14 | INFO | Adjusted for ambient noise. Listening...
2026-07-01 17:05:17 | INFO | Listen end: <speech_recognition.audio.AudioData object at 0x784f8c2c4110>
2026-07-01 17:05:17 | INFO | Processing audio with duration 00:02.601
2026-07-01 17:05:17 | INFO | Recognized: Vou focar somente...
2026-07-01 17:05:17 | INFO | [ASR Metrics] latency=835ms | RTF=0.321 | conf=71.00%
2026-07-01 17:05:17 | INFO | No command recognized in this phrase.
2026-07-01 17:05:21 | INFO | [Feedback] ✓ | Session success rate: 33.3% (1/3)
2026-07-01 17:05:22 | INFO | HTTP Request: POST https://rxqiqknvlxjcojijfclh.supabase.co/rest/v1/command_results "HTTP/2 400 Bad Request"
2026-07-01 17:05:22 | ERROR | [Metrics] Falha no Supabase, salvando offline: {'message': "Could not find the 'avg_confidence' column of 'command_results' in the schema cache", 'code': 'PGRST204', 'hint': None, 'details': None}
2026-07-01 17:05:22 | INFO | [Metrics] Salvo offline (4 na fila).
2026-07-01 17:21:52 | INFO | Assets path configured: /app/assets
2026-07-01 17:21:52 | INFO | Starting up UDS server on /tmp/Hi7OJs1qZW
2026-07-01 17:21:52 | INFO | Flet app has started...
2026-07-01 17:21:52 | INFO | App URL: /tmp/Hi7OJs1qZW
2026-07-01 17:21:52 | INFO | Starting Flet View app...
2026-07-01 17:21:52 | INFO | Flet View found in: /root/.flet/bin/flet-
2026-07-01 17:21:53 | INFO | App session started
2026-07-01 17:21:53 | WARNING | AppOpener unavailable (Windows-only). Using subprocess fallback for open/close.
2026-07-01 17:21:53 | INFO | Carregando modelo ASR [faster-whisper]: small
2026-07-01 17:21:56 | INFO | HTTP Request: POST https://rxqiqknvlxjcojijfclh.supabase.co/rest/v1/sessions "HTTP/2 201 Created"
2026-07-01 17:21:56 | INFO | [Metrics] Sessão criada no Supabase: 55109b44-cbab-4ba2-8832-2599348b7d52
2026-07-01 17:21:58 | INFO | HTTP Request: POST https://rxqiqknvlxjcojijfclh.supabase.co/rest/v1/transcription_results "HTTP/2 400 Bad Request"
2026-07-01 17:21:58 | ERROR | [Metrics] Falha ao sincronizar registro: {'message': "Could not find the 'model' column of 'transcription_results' in the schema cache", 'code': 'PGRST204', 'hint': None, 'details': None}
2026-07-01 17:21:58 | INFO | HTTP Request: POST https://rxqiqknvlxjcojijfclh.supabase.co/rest/v1/command_results "HTTP/2 400 Bad Request"
2026-07-01 17:21:58 | ERROR | [Metrics] Falha ao sincronizar registro: {'message': "Could not find the 'avg_confidence' column of 'command_results' in the schema cache", 'code': 'PGRST204', 'hint': None, 'details': None}
2026-07-01 17:21:59 | INFO | HTTP Request: POST https://rxqiqknvlxjcojijfclh.supabase.co/rest/v1/command_results "HTTP/2 400 Bad Request"
2026-07-01 17:21:59 | ERROR | [Metrics] Falha ao sincronizar registro: {'message': "Could not find the 'avg_confidence' column of 'command_results' in the schema cache", 'code': 'PGRST204', 'hint': None, 'details': None}
2026-07-01 17:21:59 | INFO | HTTP Request: POST https://rxqiqknvlxjcojijfclh.supabase.co/rest/v1/command_results "HTTP/2 400 Bad Request"
2026-07-01 17:21:59 | ERROR | [Metrics] Falha ao sincronizar registro: {'message': "Could not find the 'avg_confidence' column of 'command_results' in the schema cache", 'code': 'PGRST204', 'hint': None, 'details': None}
2026-07-01 17:21:59 | INFO | [Metrics] Sync: 0 enviados, 4 na fila.
2026-07-01 17:21:59 | INFO | HTTP Request: POST https://rxqiqknvlxjcojijfclh.supabase.co/rest/v1/sessions "HTTP/2 201 Created"
2026-07-01 17:21:59 | INFO | [Metrics] Sessão criada no Supabase: 190cd75f-7348-4551-a147-0a015dda9b85
2026-07-01 17:22:00 | INFO | Modelo 'faster-whisper:small' pronto.
2026-07-01 17:22:00 | INFO | HTTP Request: POST https://rxqiqknvlxjcojijfclh.supabase.co/rest/v1/transcription_results "HTTP/2 400 Bad Request"
2026-07-01 17:22:00 | ERROR | [Metrics] Falha ao sincronizar registro: {'message': "Could not find the 'model' column of 'transcription_results' in the schema cache", 'code': 'PGRST204', 'hint': None, 'details': None}
2026-07-01 17:22:00 | INFO | HTTP Request: POST https://rxqiqknvlxjcojijfclh.supabase.co/rest/v1/command_results "HTTP/2 400 Bad Request"
2026-07-01 17:22:00 | ERROR | [Metrics] Falha ao sincronizar registro: {'message': "Could not find the 'avg_confidence' column of 'command_results' in the schema cache", 'code': 'PGRST204', 'hint': None, 'details': None}
2026-07-01 17:22:01 | INFO | HTTP Request: POST https://rxqiqknvlxjcojijfclh.supabase.co/rest/v1/command_results "HTTP/2 400 Bad Request"
2026-07-01 17:22:01 | ERROR | [Metrics] Falha ao sincronizar registro: {'message': "Could not find the 'avg_confidence' column of 'command_results' in the schema cache", 'code': 'PGRST204', 'hint': None, 'details': None}
2026-07-01 17:22:01 | INFO | HTTP Request: POST https://rxqiqknvlxjcojijfclh.supabase.co/rest/v1/command_results "HTTP/2 400 Bad Request"
2026-07-01 17:22:01 | ERROR | [Metrics] Falha ao sincronizar registro: {'message': "Could not find the 'avg_confidence' column of 'command_results' in the schema cache", 'code': 'PGRST204', 'hint': None, 'details': None}
2026-07-01 17:22:01 | INFO | [Metrics] Sync: 0 enviados, 4 na fila.
2026-07-01 17:22:01 | INFO | Pre-warm concluído.
2026-07-01 17:23:14 | INFO | HTTP Request: POST https://rxqiqknvlxjcojijfclh.supabase.co/rest/v1/sessions "HTTP/2 201 Created"
2026-07-01 17:23:14 | INFO | [Metrics] Sessão criada no Supabase: 6b130e45-3e41-49ef-a038-606c7d50bf50
2026-07-01 17:23:14 | INFO | HTTP Request: POST https://rxqiqknvlxjcojijfclh.supabase.co/rest/v1/transcription_results "HTTP/2 400 Bad Request"
2026-07-01 17:23:14 | ERROR | [Metrics] Falha ao sincronizar registro: {'message': "Could not find the 'model' column of 'transcription_results' in the schema cache", 'code': 'PGRST204', 'hint': None, 'details': None}
2026-07-01 17:23:15 | INFO | HTTP Request: POST https://rxqiqknvlxjcojijfclh.supabase.co/rest/v1/command_results "HTTP/2 400 Bad Request"
2026-07-01 17:23:15 | ERROR | [Metrics] Falha ao sincronizar registro: {'message': "Could not find the 'avg_confidence' column of 'command_results' in the schema cache", 'code': 'PGRST204', 'hint': None, 'details': None}
2026-07-01 17:23:16 | INFO | HTTP Request: POST https://rxqiqknvlxjcojijfclh.supabase.co/rest/v1/command_results "HTTP/2 400 Bad Request"
2026-07-01 17:23:16 | ERROR | [Metrics] Falha ao sincronizar registro: {'message': "Could not find the 'avg_confidence' column of 'command_results' in the schema cache", 'code': 'PGRST204', 'hint': None, 'details': None}
2026-07-01 17:23:16 | INFO | HTTP Request: POST https://rxqiqknvlxjcojijfclh.supabase.co/rest/v1/command_results "HTTP/2 400 Bad Request"
2026-07-01 17:23:16 | ERROR | [Metrics] Falha ao sincronizar registro: {'message': "Could not find the 'avg_confidence' column of 'command_results' in the schema cache", 'code': 'PGRST204', 'hint': None, 'details': None}
2026-07-01 17:23:16 | INFO | [Metrics] Sync: 0 enviados, 4 na fila.
2026-07-01 17:23:17 | INFO | Adjusted for ambient noise. Listening...
2026-07-01 17:23:20 | INFO | Listen end: <speech_recognition.audio.AudioData object at 0x71fea41c2990>
2026-07-01 17:23:21 | INFO | Processing audio with duration 00:02.531
2026-07-01 17:23:22 | INFO | Recognized: estando a transcrição, testando o transcrição
2026-07-01 17:23:22 | INFO | [ASR Metrics] Statup latency=7203ms | Inference latency=1398ms | RTF=0.552 | conf=70.20%
2026-07-01 17:23:22 | INFO | No command recognized in this phrase.
2026-07-01 17:23:25 | INFO | [Feedback] ✓ | Session success rate: 100.0% (1/1)
2026-07-01 17:23:26 | INFO | HTTP Request: POST https://rxqiqknvlxjcojijfclh.supabase.co/rest/v1/command_results "HTTP/2 400 Bad Request"
2026-07-01 17:23:26 | ERROR | [Metrics] Falha no Supabase, salvando offline: {'message': "Could not find the 'avg_confidence' column of 'command_results' in the schema cache", 'code': 'PGRST204', 'hint': None, 'details': None}
2026-07-01 17:23:26 | INFO | [Metrics] Salvo offline (5 na fila).
2026-07-01 17:25:18 | INFO | Assets path configured: /app/assets
2026-07-01 17:25:18 | INFO | Starting up UDS server on /tmp/CrqgwRdsuq
2026-07-01 17:25:18 | INFO | Flet app has started...
2026-07-01 17:25:18 | INFO | App URL: /tmp/CrqgwRdsuq
2026-07-01 17:25:18 | INFO | Starting Flet View app...
2026-07-01 17:25:18 | INFO | Flet View found in: /root/.flet/bin/flet-
2026-07-01 17:25:19 | INFO | App session started
2026-07-01 17:25:19 | WARNING | AppOpener unavailable (Windows-only). Using subprocess fallback for open/close.
2026-07-01 17:25:19 | INFO | Carregando modelo ASR [faster-whisper]: small
2026-07-01 17:25:22 | INFO | HTTP Request: POST https://rxqiqknvlxjcojijfclh.supabase.co/rest/v1/sessions "HTTP/2 201 Created"
2026-07-01 17:25:22 | INFO | [Metrics] Sessão criada no Supabase: 33091d79-f878-4d8e-b512-30aaca063dba
2026-07-01 17:25:22 | INFO | HTTP Request: POST https://rxqiqknvlxjcojijfclh.supabase.co/rest/v1/transcription_results "HTTP/2 400 Bad Request"
2026-07-01 17:25:22 | ERROR | [Metrics] Falha ao sincronizar registro: {'message': "Could not find the 'model' column of 'transcription_results' in the schema cache", 'code': 'PGRST204', 'hint': None, 'details': None}
2026-07-01 17:25:23 | INFO | HTTP Request: POST https://rxqiqknvlxjcojijfclh.supabase.co/rest/v1/command_results "HTTP/2 400 Bad Request"
2026-07-01 17:25:23 | ERROR | [Metrics] Falha ao sincronizar registro: {'message': "Could not find the 'avg_confidence' column of 'command_results' in the schema cache", 'code': 'PGRST204', 'hint': None, 'details': None}
2026-07-01 17:25:23 | INFO | HTTP Request: POST https://rxqiqknvlxjcojijfclh.supabase.co/rest/v1/command_results "HTTP/2 400 Bad Request"
2026-07-01 17:25:23 | ERROR | [Metrics] Falha ao sincronizar registro: {'message': "Could not find the 'avg_confidence' column of 'command_results' in the schema cache", 'code': 'PGRST204', 'hint': None, 'details': None}
2026-07-01 17:25:24 | INFO | HTTP Request: POST https://rxqiqknvlxjcojijfclh.supabase.co/rest/v1/command_results "HTTP/2 400 Bad Request"
2026-07-01 17:25:24 | ERROR | [Metrics] Falha ao sincronizar registro: {'message': "Could not find the 'avg_confidence' column of 'command_results' in the schema cache", 'code': 'PGRST204', 'hint': None, 'details': None}
2026-07-01 17:25:25 | INFO | HTTP Request: POST https://rxqiqknvlxjcojijfclh.supabase.co/rest/v1/command_results "HTTP/2 400 Bad Request"
2026-07-01 17:25:25 | ERROR | [Metrics] Falha ao sincronizar registro: {'message': "Could not find the 'avg_confidence' column of 'command_results' in the schema cache", 'code': 'PGRST204', 'hint': None, 'details': None}
2026-07-01 17:25:25 | INFO | [Metrics] Sync: 0 enviados, 5 na fila.
2026-07-01 17:25:25 | INFO | HTTP Request: POST https://rxqiqknvlxjcojijfclh.supabase.co/rest/v1/sessions "HTTP/2 201 Created"
2026-07-01 17:25:25 | INFO | [Metrics] Sessão criada no Supabase: e1dd287e-4a52-4952-a07b-c7e6417058c2
2026-07-01 17:25:25 | INFO | Modelo 'faster-whisper:small' pronto.
2026-07-01 17:25:26 | INFO | HTTP Request: POST https://rxqiqknvlxjcojijfclh.supabase.co/rest/v1/transcription_results "HTTP/2 400 Bad Request"
2026-07-01 17:25:26 | ERROR | [Metrics] Falha ao sincronizar registro: {'message': "Could not find the 'model' column of 'transcription_results' in the schema cache", 'code': 'PGRST204', 'hint': None, 'details': None}
2026-07-01 17:25:26 | INFO | HTTP Request: POST https://rxqiqknvlxjcojijfclh.supabase.co/rest/v1/command_results "HTTP/2 400 Bad Request"
2026-07-01 17:25:26 | ERROR | [Metrics] Falha ao sincronizar registro: {'message': "Could not find the 'avg_confidence' column of 'command_results' in the schema cache", 'code': 'PGRST204', 'hint': None, 'details': None}
2026-07-01 17:25:26 | INFO | HTTP Request: POST https://rxqiqknvlxjcojijfclh.supabase.co/rest/v1/command_results "HTTP/2 400 Bad Request"
2026-07-01 17:25:26 | ERROR | [Metrics] Falha ao sincronizar registro: {'message': "Could not find the 'avg_confidence' column of 'command_results' in the schema cache", 'code': 'PGRST204', 'hint': None, 'details': None}
2026-07-01 17:25:27 | INFO | HTTP Request: POST https://rxqiqknvlxjcojijfclh.supabase.co/rest/v1/command_results "HTTP/2 400 Bad Request"
2026-07-01 17:25:27 | ERROR | [Metrics] Falha ao sincronizar registro: {'message': "Could not find the 'avg_confidence' column of 'command_results' in the schema cache", 'code': 'PGRST204', 'hint': None, 'details': None}
2026-07-01 17:25:27 | INFO | HTTP Request: POST https://rxqiqknvlxjcojijfclh.supabase.co/rest/v1/command_results "HTTP/2 400 Bad Request"
2026-07-01 17:25:27 | ERROR | [Metrics] Falha ao sincronizar registro: {'message': "Could not find the 'avg_confidence' column of 'command_results' in the schema cache", 'code': 'PGRST204', 'hint': None, 'details': None}
2026-07-01 17:25:27 | INFO | [Metrics] Sync: 0 enviados, 5 na fila.
2026-07-01 17:25:27 | INFO | Pre-warm concluído.
2026-07-01 17:25:28 | INFO | HTTP Request: POST https://rxqiqknvlxjcojijfclh.supabase.co/rest/v1/sessions "HTTP/2 201 Created"
2026-07-01 17:25:28 | INFO | [Metrics] Sessão criada no Supabase: 007f36c7-faa1-429f-b54b-284166974bfc
2026-07-01 17:25:28 | INFO | HTTP Request: POST https://rxqiqknvlxjcojijfclh.supabase.co/rest/v1/transcription_results "HTTP/2 400 Bad Request"
2026-07-01 17:25:28 | ERROR | [Metrics] Falha ao sincronizar registro: {'message': "Could not find the 'model' column of 'transcription_results' in the schema cache", 'code': 'PGRST204', 'hint': None, 'details': None}
2026-07-01 17:25:28 | INFO | HTTP Request: POST https://rxqiqknvlxjcojijfclh.supabase.co/rest/v1/command_results "HTTP/2 400 Bad Request"
2026-07-01 17:25:28 | ERROR | [Metrics] Falha ao sincronizar registro: {'message': "Could not find the 'avg_confidence' column of 'command_results' in the schema cache", 'code': 'PGRST204', 'hint': None, 'details': None}
2026-07-01 17:25:29 | INFO | HTTP Request: POST https://rxqiqknvlxjcojijfclh.supabase.co/rest/v1/command_results "HTTP/2 400 Bad Request"
2026-07-01 17:25:29 | ERROR | [Metrics] Falha ao sincronizar registro: {'message': "Could not find the 'avg_confidence' column of 'command_results' in the schema cache", 'code': 'PGRST204', 'hint': None, 'details': None}
2026-07-01 17:25:29 | INFO | HTTP Request: POST https://rxqiqknvlxjcojijfclh.supabase.co/rest/v1/command_results "HTTP/2 400 Bad Request"
2026-07-01 17:25:29 | ERROR | [Metrics] Falha ao sincronizar registro: {'message': "Could not find the 'avg_confidence' column of 'command_results' in the schema cache", 'code': 'PGRST204', 'hint': None, 'details': None}
2026-07-01 17:25:30 | INFO | HTTP Request: POST https://rxqiqknvlxjcojijfclh.supabase.co/rest/v1/command_results "HTTP/2 400 Bad Request"
2026-07-01 17:25:30 | ERROR | [Metrics] Falha ao sincronizar registro: {'message': "Could not find the 'avg_confidence' column of 'command_results' in the schema cache", 'code': 'PGRST204', 'hint': None, 'details': None}
2026-07-01 17:25:30 | INFO | [Metrics] Sync: 0 enviados, 5 na fila.
2026-07-01 17:25:31 | INFO | Adjusted for ambient noise. Listening...
2026-07-01 17:25:35 | INFO | Listen end: <speech_recognition.audio.AudioData object at 0x7d76bbdc0b60>
2026-07-01 17:25:35 | INFO | Processing audio with duration 00:01.811
2026-07-01 17:25:36 | INFO | Recognized: testando, testando
2026-07-01 17:25:36 | INFO | [ASR Metrics] Statup latency=7978ms | Inference latency=1247ms | RTF=0.689 | conf=82.06%
2026-07-01 17:25:36 | INFO | No command recognized in this phrase.
2026-07-01 17:25:38 | INFO | [Feedback] ✓ | Session success rate: 100.0% (1/1)
2026-07-01 17:25:39 | INFO | HTTP Request: POST https://rxqiqknvlxjcojijfclh.supabase.co/rest/v1/command_results "HTTP/2 400 Bad Request"
2026-07-01 17:25:39 | ERROR | [Metrics] Falha no Supabase, salvando offline: {'message': "Could not find the 'avg_confidence' column of 'command_results' in the schema cache", 'code': 'PGRST204', 'hint': None, 'details': None}
2026-07-01 17:25:39 | INFO | [Metrics] Salvo offline (6 na fila).
2026-07-01 17:31:51 | INFO | Assets path configured: /app/assets
2026-07-01 17:31:51 | INFO | Starting up UDS server on /tmp/roUEoGSwJt
2026-07-01 17:31:51 | INFO | Flet app has started...
2026-07-01 17:31:51 | INFO | App URL: /tmp/roUEoGSwJt
2026-07-01 17:31:51 | INFO | Starting Flet View app...
2026-07-01 17:31:51 | INFO | Flet View found in: /root/.flet/bin/flet-
2026-07-01 17:31:52 | INFO | App session started
2026-07-01 17:31:52 | WARNING | AppOpener unavailable (Windows-only). Using subprocess fallback for open/close.
2026-07-01 17:31:52 | INFO | Carregando modelo ASR [faster-whisper]: small
2026-07-01 17:31:55 | INFO | HTTP Request: POST https://rxqiqknvlxjcojijfclh.supabase.co/rest/v1/sessions "HTTP/2 201 Created"
2026-07-01 17:31:55 | INFO | [Metrics] Sessão criada no Supabase: 37bda0cf-f9c7-4de1-90cc-5bdab696c9de
2026-07-01 17:31:56 | INFO | HTTP Request: POST https://rxqiqknvlxjcojijfclh.supabase.co/rest/v1/transcription_results "HTTP/2 400 Bad Request"
2026-07-01 17:31:56 | ERROR | [Metrics] Falha ao sincronizar registro: {'message': "Could not find the 'model' column of 'transcription_results' in the schema cache", 'code': 'PGRST204', 'hint': None, 'details': None}
2026-07-01 17:31:56 | INFO | HTTP Request: POST https://rxqiqknvlxjcojijfclh.supabase.co/rest/v1/command_results "HTTP/2 400 Bad Request"
2026-07-01 17:31:56 | ERROR | [Metrics] Falha ao sincronizar registro: {'message': "Could not find the 'latency_ms' column of 'command_results' in the schema cache", 'code': 'PGRST204', 'hint': None, 'details': None}
2026-07-01 17:31:57 | INFO | HTTP Request: POST https://rxqiqknvlxjcojijfclh.supabase.co/rest/v1/command_results "HTTP/2 400 Bad Request"
2026-07-01 17:31:57 | ERROR | [Metrics] Falha ao sincronizar registro: {'message': "Could not find the 'latency_ms' column of 'command_results' in the schema cache", 'code': 'PGRST204', 'hint': None, 'details': None}
2026-07-01 17:31:57 | INFO | Modelo 'faster-whisper:small' pronto.
2026-07-01 17:31:57 | INFO | HTTP Request: POST https://rxqiqknvlxjcojijfclh.supabase.co/rest/v1/command_results "HTTP/2 400 Bad Request"
2026-07-01 17:31:57 | ERROR | [Metrics] Falha ao sincronizar registro: {'message': "Could not find the 'latency_ms' column of 'command_results' in the schema cache", 'code': 'PGRST204', 'hint': None, 'details': None}
2026-07-01 17:31:57 | INFO | HTTP Request: POST https://rxqiqknvlxjcojijfclh.supabase.co/rest/v1/command_results "HTTP/2 400 Bad Request"
2026-07-01 17:31:57 | ERROR | [Metrics] Falha ao sincronizar registro: {'message': "Could not find the 'latency_ms' column of 'command_results' in the schema cache", 'code': 'PGRST204', 'hint': None, 'details': None}
2026-07-01 17:31:57 | INFO | HTTP Request: POST https://rxqiqknvlxjcojijfclh.supabase.co/rest/v1/command_results "HTTP/2 201 Created"
2026-07-01 17:31:57 | INFO | [Metrics] Sync: 1 enviados, 5 na fila.
2026-07-01 17:31:58 | INFO | HTTP Request: POST https://rxqiqknvlxjcojijfclh.supabase.co/rest/v1/sessions "HTTP/2 201 Created"
2026-07-01 17:31:58 | INFO | [Metrics] Sessão criada no Supabase: dc47752a-831a-47a7-aba4-218ea57cea22
2026-07-01 17:31:59 | INFO | HTTP Request: POST https://rxqiqknvlxjcojijfclh.supabase.co/rest/v1/transcription_results "HTTP/2 400 Bad Request"
2026-07-01 17:31:59 | ERROR | [Metrics] Falha ao sincronizar registro: {'message': "Could not find the 'model' column of 'transcription_results' in the schema cache", 'code': 'PGRST204', 'hint': None, 'details': None}
2026-07-01 17:31:59 | INFO | HTTP Request: POST https://rxqiqknvlxjcojijfclh.supabase.co/rest/v1/command_results "HTTP/2 400 Bad Request"
2026-07-01 17:31:59 | ERROR | [Metrics] Falha ao sincronizar registro: {'message': "Could not find the 'latency_ms' column of 'command_results' in the schema cache", 'code': 'PGRST204', 'hint': None, 'details': None}
2026-07-01 17:32:00 | INFO | HTTP Request: POST https://rxqiqknvlxjcojijfclh.supabase.co/rest/v1/command_results "HTTP/2 400 Bad Request"
2026-07-01 17:32:00 | ERROR | [Metrics] Falha ao sincronizar registro: {'message': "Could not find the 'latency_ms' column of 'command_results' in the schema cache", 'code': 'PGRST204', 'hint': None, 'details': None}
2026-07-01 17:32:00 | INFO | HTTP Request: POST https://rxqiqknvlxjcojijfclh.supabase.co/rest/v1/command_results "HTTP/2 400 Bad Request"
2026-07-01 17:32:00 | ERROR | [Metrics] Falha ao sincronizar registro: {'message': "Could not find the 'latency_ms' column of 'command_results' in the schema cache", 'code': 'PGRST204', 'hint': None, 'details': None}
2026-07-01 17:32:00 | INFO | HTTP Request: POST https://rxqiqknvlxjcojijfclh.supabase.co/rest/v1/command_results "HTTP/2 400 Bad Request"
2026-07-01 17:32:00 | ERROR | [Metrics] Falha ao sincronizar registro: {'message': "Could not find the 'latency_ms' column of 'command_results' in the schema cache", 'code': 'PGRST204', 'hint': None, 'details': None}
2026-07-01 17:32:00 | INFO | [Metrics] Sync: 0 enviados, 5 na fila.
2026-07-01 17:32:00 | INFO | Pre-warm concluído.
2026-07-01 17:32:03 | INFO | HTTP Request: POST https://rxqiqknvlxjcojijfclh.supabase.co/rest/v1/sessions "HTTP/2 201 Created"
2026-07-01 17:32:03 | INFO | [Metrics] Sessão criada no Supabase: 9e16616f-e674-43ad-a2c1-08a730507b9c
2026-07-01 17:32:04 | INFO | HTTP Request: POST https://rxqiqknvlxjcojijfclh.supabase.co/rest/v1/transcription_results "HTTP/2 400 Bad Request"
2026-07-01 17:32:04 | ERROR | [Metrics] Falha ao sincronizar registro: {'message': "Could not find the 'model' column of 'transcription_results' in the schema cache", 'code': 'PGRST204', 'hint': None, 'details': None}
2026-07-01 17:32:04 | INFO | HTTP Request: POST https://rxqiqknvlxjcojijfclh.supabase.co/rest/v1/command_results "HTTP/2 400 Bad Request"
2026-07-01 17:32:04 | ERROR | [Metrics] Falha ao sincronizar registro: {'message': "Could not find the 'latency_ms' column of 'command_results' in the schema cache", 'code': 'PGRST204', 'hint': None, 'details': None}
2026-07-01 17:32:04 | INFO | HTTP Request: POST https://rxqiqknvlxjcojijfclh.supabase.co/rest/v1/command_results "HTTP/2 400 Bad Request"
2026-07-01 17:32:04 | ERROR | [Metrics] Falha ao sincronizar registro: {'message': "Could not find the 'latency_ms' column of 'command_results' in the schema cache", 'code': 'PGRST204', 'hint': None, 'details': None}
2026-07-01 17:32:05 | INFO | HTTP Request: POST https://rxqiqknvlxjcojijfclh.supabase.co/rest/v1/command_results "HTTP/2 400 Bad Request"
2026-07-01 17:32:05 | ERROR | [Metrics] Falha ao sincronizar registro: {'message': "Could not find the 'latency_ms' column of 'command_results' in the schema cache", 'code': 'PGRST204', 'hint': None, 'details': None}
2026-07-01 17:32:05 | INFO | HTTP Request: POST https://rxqiqknvlxjcojijfclh.supabase.co/rest/v1/command_results "HTTP/2 400 Bad Request"
2026-07-01 17:32:05 | ERROR | [Metrics] Falha ao sincronizar registro: {'message': "Could not find the 'latency_ms' column of 'command_results' in the schema cache", 'code': 'PGRST204', 'hint': None, 'details': None}
2026-07-01 17:32:05 | INFO | [Metrics] Sync: 0 enviados, 5 na fila.
2026-07-01 17:32:07 | INFO | Adjusted for ambient noise. Listening...
2026-07-01 17:32:11 | INFO | Listen end: <speech_recognition.audio.AudioData object at 0x7c17894bcaa0>
2026-07-01 17:32:12 | INFO | Processing audio with duration 00:03.390
2026-07-01 17:32:13 | INFO | Recognized: demora um pouquinho para inicializar mas
2026-07-01 17:32:13 | INFO | [ASR Metrics] Statup latency=9253ms | Inference latency=1336ms | RTF=0.394 | conf=70.78%
2026-07-01 17:32:13 | INFO | No command recognized in this phrase.
2026-07-01 17:32:19 | INFO | [Feedback] ✓ | Session success rate: 100.0% (1/1)
2026-07-01 17:32:19 | INFO | HTTP Request: POST https://rxqiqknvlxjcojijfclh.supabase.co/rest/v1/command_results "HTTP/2 201 Created"
2026-07-01 17:32:19 | INFO | [Metrics] Resultado de comando salvo no Supabase.
2026-07-01 17:32:51 | INFO | HTTP Request: POST https://rxqiqknvlxjcojijfclh.supabase.co/rest/v1/sessions "HTTP/2 201 Created"
2026-07-01 17:32:51 | INFO | [Metrics] Sessão criada no Supabase: 694dfe07-c5dc-416e-9da0-d4c85e15329c
2026-07-01 17:32:52 | INFO | HTTP Request: POST https://rxqiqknvlxjcojijfclh.supabase.co/rest/v1/transcription_results "HTTP/2 400 Bad Request"
2026-07-01 17:32:52 | ERROR | [Metrics] Falha ao sincronizar registro: {'message': "Could not find the 'model' column of 'transcription_results' in the schema cache", 'code': 'PGRST204', 'hint': None, 'details': None}
2026-07-01 17:32:53 | INFO | HTTP Request: POST https://rxqiqknvlxjcojijfclh.supabase.co/rest/v1/command_results "HTTP/2 400 Bad Request"
2026-07-01 17:32:53 | ERROR | [Metrics] Falha ao sincronizar registro: {'message': "Could not find the 'latency_ms' column of 'command_results' in the schema cache", 'code': 'PGRST204', 'hint': None, 'details': None}
2026-07-01 17:32:53 | INFO | HTTP Request: POST https://rxqiqknvlxjcojijfclh.supabase.co/rest/v1/command_results "HTTP/2 400 Bad Request"
2026-07-01 17:32:53 | ERROR | [Metrics] Falha ao sincronizar registro: {'message': "Could not find the 'latency_ms' column of 'command_results' in the schema cache", 'code': 'PGRST204', 'hint': None, 'details': None}
2026-07-01 17:32:53 | INFO | HTTP Request: POST https://rxqiqknvlxjcojijfclh.supabase.co/rest/v1/command_results "HTTP/2 400 Bad Request"
2026-07-01 17:32:53 | ERROR | [Metrics] Falha ao sincronizar registro: {'message': "Could not find the 'latency_ms' column of 'command_results' in the schema cache", 'code': 'PGRST204', 'hint': None, 'details': None}
2026-07-01 17:32:54 | INFO | HTTP Request: POST https://rxqiqknvlxjcojijfclh.supabase.co/rest/v1/command_results "HTTP/2 400 Bad Request"
2026-07-01 17:32:54 | ERROR | [Metrics] Falha ao sincronizar registro: {'message': "Could not find the 'latency_ms' column of 'command_results' in the schema cache", 'code': 'PGRST204', 'hint': None, 'details': None}
2026-07-01 17:32:54 | INFO | [Metrics] Sync: 0 enviados, 5 na fila.
2026-07-01 17:32:55 | INFO | Adjusted for ambient noise. Listening...
2026-07-01 17:32:58 | INFO | Listen end: <speech_recognition.audio.AudioData object at 0x7c1774913410>
2026-07-01 17:32:58 | INFO | Processing audio with duration 00:02.508
2026-07-01 17:32:59 | INFO | Recognized: fazendo testes para verificar
2026-07-01 17:32:59 | INFO | [ASR Metrics] Statup latency=7932ms | Inference latency=826ms | RTF=0.330 | conf=85.17%
2026-07-01 17:32:59 | INFO | No command recognized in this phrase.
2026-07-01 17:33:04 | INFO | [Feedback] ✓ | Session success rate: 100.0% (1/1)
2026-07-01 17:33:04 | INFO | HTTP Request: POST https://rxqiqknvlxjcojijfclh.supabase.co/rest/v1/command_results "HTTP/2 201 Created"
2026-07-01 17:33:04 | INFO | [Metrics] Resultado de comando salvo no Supabase.
2026-07-01 17:35:13 | INFO | Assets path configured: /app/assets
2026-07-01 17:35:13 | INFO | Starting up UDS server on /tmp/ZoeCHg7oX0
2026-07-01 17:35:13 | INFO | Flet app has started...
2026-07-01 17:35:13 | INFO | App URL: /tmp/ZoeCHg7oX0
2026-07-01 17:35:13 | INFO | Starting Flet View app...
2026-07-01 17:35:13 | INFO | Flet View found in: /root/.flet/bin/flet-
2026-07-01 17:35:14 | INFO | App session started
2026-07-01 17:35:14 | WARNING | AppOpener unavailable (Windows-only). Using subprocess fallback for open/close.
2026-07-01 17:35:14 | INFO | Carregando modelo ASR [faster-whisper]: small
2026-07-01 17:35:16 | INFO | HTTP Request: POST https://rxqiqknvlxjcojijfclh.supabase.co/rest/v1/sessions "HTTP/2 201 Created"
2026-07-01 17:35:16 | INFO | [Metrics] Sessão criada no Supabase: 6fe89058-e635-49b5-97af-9a5824ce37f0
2026-07-01 17:35:17 | INFO | HTTP Request: POST https://rxqiqknvlxjcojijfclh.supabase.co/rest/v1/transcription_results "HTTP/2 400 Bad Request"
2026-07-01 17:35:17 | ERROR | [Metrics] Falha ao sincronizar registro: {'message': "Could not find the 'model' column of 'transcription_results' in the schema cache", 'code': 'PGRST204', 'hint': None, 'details': None}
2026-07-01 17:35:17 | INFO | HTTP Request: POST https://rxqiqknvlxjcojijfclh.supabase.co/rest/v1/command_results "HTTP/2 400 Bad Request"
2026-07-01 17:35:17 | ERROR | [Metrics] Falha ao sincronizar registro: {'message': "Could not find the 'latency_ms' column of 'command_results' in the schema cache", 'code': 'PGRST204', 'hint': None, 'details': None}
2026-07-01 17:35:18 | INFO | HTTP Request: POST https://rxqiqknvlxjcojijfclh.supabase.co/rest/v1/command_results "HTTP/2 400 Bad Request"
2026-07-01 17:35:18 | ERROR | [Metrics] Falha ao sincronizar registro: {'message': "Could not find the 'latency_ms' column of 'command_results' in the schema cache", 'code': 'PGRST204', 'hint': None, 'details': None}
2026-07-01 17:35:18 | INFO | HTTP Request: POST https://rxqiqknvlxjcojijfclh.supabase.co/rest/v1/command_results "HTTP/2 400 Bad Request"
2026-07-01 17:35:18 | ERROR | [Metrics] Falha ao sincronizar registro: {'message': "Could not find the 'latency_ms' column of 'command_results' in the schema cache", 'code': 'PGRST204', 'hint': None, 'details': None}
2026-07-01 17:35:18 | INFO | HTTP Request: POST https://rxqiqknvlxjcojijfclh.supabase.co/rest/v1/command_results "HTTP/2 400 Bad Request"
2026-07-01 17:35:18 | ERROR | [Metrics] Falha ao sincronizar registro: {'message': "Could not find the 'latency_ms' column of 'command_results' in the schema cache", 'code': 'PGRST204', 'hint': None, 'details': None}
2026-07-01 17:35:18 | INFO | [Metrics] Sync: 0 enviados, 5 na fila.
2026-07-01 17:35:19 | INFO | HTTP Request: POST https://rxqiqknvlxjcojijfclh.supabase.co/rest/v1/sessions "HTTP/2 201 Created"
2026-07-01 17:35:19 | INFO | [Metrics] Sessão criada no Supabase: b33115cc-cc58-40bd-9ca3-ea4ec2b3f284
2026-07-01 17:35:19 | INFO | Modelo 'faster-whisper:small' pronto.
2026-07-01 17:35:19 | INFO | HTTP Request: POST https://rxqiqknvlxjcojijfclh.supabase.co/rest/v1/transcription_results "HTTP/2 400 Bad Request"
2026-07-01 17:35:19 | ERROR | [Metrics] Falha ao sincronizar registro: {'message': "Could not find the 'model' column of 'transcription_results' in the schema cache", 'code': 'PGRST204', 'hint': None, 'details': None}
2026-07-01 17:35:20 | INFO | HTTP Request: POST https://rxqiqknvlxjcojijfclh.supabase.co/rest/v1/command_results "HTTP/2 400 Bad Request"
2026-07-01 17:35:20 | ERROR | [Metrics] Falha ao sincronizar registro: {'message': "Could not find the 'latency_ms' column of 'command_results' in the schema cache", 'code': 'PGRST204', 'hint': None, 'details': None}
2026-07-01 17:35:20 | INFO | HTTP Request: POST https://rxqiqknvlxjcojijfclh.supabase.co/rest/v1/command_results "HTTP/2 400 Bad Request"
2026-07-01 17:35:20 | ERROR | [Metrics] Falha ao sincronizar registro: {'message': "Could not find the 'latency_ms' column of 'command_results' in the schema cache", 'code': 'PGRST204', 'hint': None, 'details': None}
2026-07-01 17:35:20 | INFO | HTTP Request: POST https://rxqiqknvlxjcojijfclh.supabase.co/rest/v1/command_results "HTTP/2 400 Bad Request"
2026-07-01 17:35:20 | ERROR | [Metrics] Falha ao sincronizar registro: {'message': "Could not find the 'latency_ms' column of 'command_results' in the schema cache", 'code': 'PGRST204', 'hint': None, 'details': None}
2026-07-01 17:35:20 | INFO | HTTP Request: POST https://rxqiqknvlxjcojijfclh.supabase.co/rest/v1/command_results "HTTP/2 400 Bad Request"
2026-07-01 17:35:20 | ERROR | [Metrics] Falha ao sincronizar registro: {'message': "Could not find the 'latency_ms' column of 'command_results' in the schema cache", 'code': 'PGRST204', 'hint': None, 'details': None}
2026-07-01 17:35:20 | INFO | [Metrics] Sync: 0 enviados, 5 na fila.
2026-07-01 17:35:20 | INFO | Pre-warm concluído.
2026-07-01 17:35:24 | INFO | HTTP Request: POST https://rxqiqknvlxjcojijfclh.supabase.co/rest/v1/sessions "HTTP/2 201 Created"
2026-07-01 17:35:24 | INFO | [Metrics] Sessão criada no Supabase: 049fd7c6-520f-43eb-adc1-0ab486b569a3
2026-07-01 17:35:24 | INFO | HTTP Request: POST https://rxqiqknvlxjcojijfclh.supabase.co/rest/v1/transcription_results "HTTP/2 400 Bad Request"
2026-07-01 17:35:24 | ERROR | [Metrics] Falha ao sincronizar registro: {'message': "Could not find the 'model' column of 'transcription_results' in the schema cache", 'code': 'PGRST204', 'hint': None, 'details': None}
2026-07-01 17:35:25 | INFO | HTTP Request: POST https://rxqiqknvlxjcojijfclh.supabase.co/rest/v1/command_results "HTTP/2 400 Bad Request"
2026-07-01 17:35:25 | ERROR | [Metrics] Falha ao sincronizar registro: {'message': "Could not find the 'latency_ms' column of 'command_results' in the schema cache", 'code': 'PGRST204', 'hint': None, 'details': None}
2026-07-01 17:35:26 | INFO | HTTP Request: POST https://rxqiqknvlxjcojijfclh.supabase.co/rest/v1/command_results "HTTP/2 400 Bad Request"
2026-07-01 17:35:26 | ERROR | [Metrics] Falha ao sincronizar registro: {'message': "Could not find the 'latency_ms' column of 'command_results' in the schema cache", 'code': 'PGRST204', 'hint': None, 'details': None}
2026-07-01 17:35:26 | INFO | HTTP Request: POST https://rxqiqknvlxjcojijfclh.supabase.co/rest/v1/command_results "HTTP/2 400 Bad Request"
2026-07-01 17:35:26 | ERROR | [Metrics] Falha ao sincronizar registro: {'message': "Could not find the 'latency_ms' column of 'command_results' in the schema cache", 'code': 'PGRST204', 'hint': None, 'details': None}
2026-07-01 17:35:26 | INFO | HTTP Request: POST https://rxqiqknvlxjcojijfclh.supabase.co/rest/v1/command_results "HTTP/2 400 Bad Request"
2026-07-01 17:35:26 | ERROR | [Metrics] Falha ao sincronizar registro: {'message': "Could not find the 'latency_ms' column of 'command_results' in the schema cache", 'code': 'PGRST204', 'hint': None, 'details': None}
2026-07-01 17:35:26 | INFO | [Metrics] Sync: 0 enviados, 5 na fila.
2026-07-01 17:35:28 | INFO | Adjusted for ambient noise. Listening...
2026-07-01 17:35:30 | INFO | Listen end: <speech_recognition.audio.AudioData object at 0x719ac2ae2ae0>
2026-07-01 17:35:31 | INFO | Processing audio with duration 00:01.649
2026-07-01 17:35:31 | INFO | Recognized: Abra o Google
2026-07-01 17:35:31 | INFO | [ASR Metrics] Statup latency=6605ms | Inference latency=1097ms | RTF=0.665 | conf=65.19%
2026-07-01 17:35:31 | INFO | Command identified! Trying to open: google...
2026-07-01 17:35:31 | INFO | Opening: google
2026-07-01 17:35:33 | INFO | [Feedback] ✓ | Session success rate: 100.0% (1/1)
2026-07-01 17:35:34 | INFO | HTTP Request: POST https://rxqiqknvlxjcojijfclh.supabase.co/rest/v1/command_results "HTTP/2 201 Created"
2026-07-01 17:35:34 | INFO | [Metrics] Resultado de comando salvo no Supabase.
2026-07-01 17:35:36 | INFO | Adjusted for ambient noise. Listening...
2026-07-01 17:35:39 | INFO | Listen end: <speech_recognition.audio.AudioData object at 0x719ac5632a20>
2026-07-01 17:35:39 | INFO | Processing audio with duration 00:02.392
2026-07-01 17:35:40 | INFO | Recognized: abro o discord
2026-07-01 17:35:40 | INFO | [ASR Metrics] Statup latency=4074ms | Inference latency=609ms | RTF=0.254 | conf=53.85%
2026-07-01 17:35:40 | INFO | Command identified! Trying to open: discord...
2026-07-01 17:35:40 | INFO | Opening: discord
2026-07-01 17:35:41 | INFO | [Feedback] ✓ | Session success rate: 100.0% (2/2)
2026-07-01 17:35:41 | INFO | HTTP Request: POST https://rxqiqknvlxjcojijfclh.supabase.co/rest/v1/command_results "HTTP/2 201 Created"
2026-07-01 17:35:41 | INFO | [Metrics] Resultado de comando salvo no Supabase.
2026-07-01 17:35:44 | INFO | Adjusted for ambient noise. Listening...
2026-07-01 17:35:46 | INFO | Listen end: <speech_recognition.audio.AudioData object at 0x719ac5632630>
2026-07-01 17:35:47 | INFO | Processing audio with duration 00:02.020
2026-07-01 17:35:47 | INFO | Recognized: Fecho far fuck
2026-07-01 17:35:47 | INFO | [ASR Metrics] Statup latency=3578ms | Inference latency=659ms | RTF=0.326 | conf=29.79%
2026-07-01 17:35:47 | INFO | Command identified! Trying to close: far fuck...
2026-07-01 17:35:47 | INFO | Closing: far fuck
2026-07-01 17:35:51 | INFO | [Feedback] ✗ | Session success rate: 66.7% (2/3)
2026-07-01 17:35:51 | INFO | HTTP Request: POST https://rxqiqknvlxjcojijfclh.supabase.co/rest/v1/command_results "HTTP/2 201 Created"
2026-07-01 17:35:51 | INFO | [Metrics] Resultado de comando salvo no Supabase.
2026-07-01 17:35:54 | INFO | Adjusted for ambient noise. Listening...
2026-07-01 17:35:57 | INFO | Listen end: <speech_recognition.audio.AudioData object at 0x719ac2b459d0>
2026-07-01 17:35:57 | INFO | Processing audio with duration 00:02.392
2026-07-01 17:35:59 | INFO | Recognized: e decau-te-o-a-n-e-da.
2026-07-01 17:35:59 | INFO | [ASR Metrics] Statup latency=4509ms | Inference latency=1757ms | RTF=0.735 | conf=44.09%
2026-07-01 17:35:59 | INFO | No command recognized in this phrase.
2026-07-01 17:36:02 | INFO | [Feedback] ✗ | Session success rate: 50.0% (2/4)
2026-07-01 17:36:02 | INFO | HTTP Request: POST https://rxqiqknvlxjcojijfclh.supabase.co/rest/v1/command_results "HTTP/2 201 Created"
2026-07-01 17:36:02 | INFO | [Metrics] Resultado de comando salvo no Supabase.
2026-07-01 17:36:05 | INFO | Adjusted for ambient noise. Listening...
2026-07-01 17:36:09 | INFO | Listen end: <speech_recognition.audio.AudioData object at 0x719ac2ac5190>
2026-07-01 17:36:09 | INFO | Processing audio with duration 00:03.483
2026-07-01 17:36:10 | INFO | Recognized: Abra o System Manager.
2026-07-01 17:36:10 | INFO | [ASR Metrics] Statup latency=5164ms | Inference latency=751ms | RTF=0.216 | conf=77.58%
2026-07-01 17:36:10 | INFO | Command identified! Trying to open: system manager....
2026-07-01 17:36:10 | INFO | Opening: system manager.
2026-07-01 17:36:12 | INFO | [Feedback] ✓ | Session success rate: 60.0% (3/5)
2026-07-01 17:36:13 | INFO | HTTP Request: POST https://rxqiqknvlxjcojijfclh.supabase.co/rest/v1/command_results "HTTP/2 201 Created"
2026-07-01 17:36:13 | INFO | [Metrics] Resultado de comando salvo no Supabase.
2026-07-01 17:36:15 | INFO | Adjusted for ambient noise. Listening...
2026-07-01 17:36:20 | INFO | Listen end: <speech_recognition.audio.AudioData object at 0x719ac2b0c260>
2026-07-01 17:36:20 | INFO | Processing audio with duration 00:03.971
2026-07-01 17:36:21 | INFO | Recognized: Abra Devil May Cry Collection
2026-07-01 17:36:21 | INFO | [ASR Metrics] Statup latency=6010ms | Inference latency=737ms | RTF=0.186 | conf=87.61%
2026-07-01 17:36:21 | INFO | Command identified! Trying to open: devil may cry collection...
2026-07-01 17:36:21 | INFO | Opening: devil may cry collection
2026-07-01 17:36:23 | INFO | [Feedback] ✓ | Session success rate: 66.7% (4/6)
2026-07-01 17:36:24 | INFO | HTTP Request: POST https://rxqiqknvlxjcojijfclh.supabase.co/rest/v1/command_results "HTTP/2 201 Created"
2026-07-01 17:36:24 | INFO | [Metrics] Resultado de comando salvo no Supabase.
2026-07-01 17:38:33 | INFO | Assets path configured: /app/assets
2026-07-01 17:38:33 | INFO | Starting up UDS server on /tmp/c6O954vADw
2026-07-01 17:38:33 | INFO | Flet app has started...
2026-07-01 17:38:33 | INFO | App URL: /tmp/c6O954vADw
2026-07-01 17:38:33 | INFO | Starting Flet View app...
2026-07-01 17:38:33 | INFO | Flet View found in: /root/.flet/bin/flet-
2026-07-01 17:38:34 | INFO | App session started
2026-07-01 17:38:34 | WARNING | AppOpener unavailable (Windows-only). Using subprocess fallback for open/close.
2026-07-01 17:38:34 | INFO | Carregando modelo ASR [faster-whisper]: small
2026-07-01 17:38:36 | INFO | HTTP Request: POST https://rxqiqknvlxjcojijfclh.supabase.co/rest/v1/sessions "HTTP/2 201 Created"
2026-07-01 17:38:36 | INFO | [Metrics] Sessão criada no Supabase: e6688a5b-4b46-4e4c-8f4a-d277c864314e
2026-07-01 17:38:36 | INFO | HTTP Request: POST https://rxqiqknvlxjcojijfclh.supabase.co/rest/v1/transcription_results "HTTP/2 400 Bad Request"
2026-07-01 17:38:36 | ERROR | [Metrics] Falha ao sincronizar registro: {'message': "Could not find the 'model' column of 'transcription_results' in the schema cache", 'code': 'PGRST204', 'hint': None, 'details': None}
2026-07-01 17:38:37 | INFO | HTTP Request: POST https://rxqiqknvlxjcojijfclh.supabase.co/rest/v1/command_results "HTTP/2 400 Bad Request"
2026-07-01 17:38:37 | ERROR | [Metrics] Falha ao sincronizar registro: {'message': "Could not find the 'latency_ms' column of 'command_results' in the schema cache", 'code': 'PGRST204', 'hint': None, 'details': None}
2026-07-01 17:38:37 | INFO | HTTP Request: POST https://rxqiqknvlxjcojijfclh.supabase.co/rest/v1/command_results "HTTP/2 400 Bad Request"
2026-07-01 17:38:37 | ERROR | [Metrics] Falha ao sincronizar registro: {'message': "Could not find the 'latency_ms' column of 'command_results' in the schema cache", 'code': 'PGRST204', 'hint': None, 'details': None}
2026-07-01 17:38:37 | INFO | HTTP Request: POST https://rxqiqknvlxjcojijfclh.supabase.co/rest/v1/command_results "HTTP/2 400 Bad Request"
2026-07-01 17:38:37 | ERROR | [Metrics] Falha ao sincronizar registro: {'message': "Could not find the 'latency_ms' column of 'command_results' in the schema cache", 'code': 'PGRST204', 'hint': None, 'details': None}
2026-07-01 17:38:38 | INFO | HTTP Request: POST https://rxqiqknvlxjcojijfclh.supabase.co/rest/v1/command_results "HTTP/2 400 Bad Request"
2026-07-01 17:38:38 | ERROR | [Metrics] Falha ao sincronizar registro: {'message': "Could not find the 'latency_ms' column of 'command_results' in the schema cache", 'code': 'PGRST204', 'hint': None, 'details': None}
2026-07-01 17:38:38 | INFO | [Metrics] Sync: 0 enviados, 5 na fila.
2026-07-01 17:38:38 | INFO | HTTP Request: POST https://rxqiqknvlxjcojijfclh.supabase.co/rest/v1/sessions "HTTP/2 201 Created"
2026-07-01 17:38:38 | INFO | [Metrics] Sessão criada no Supabase: 44fdf672-a0bf-4497-90bb-b2b810f00116
2026-07-01 17:38:38 | INFO | Modelo 'faster-whisper:small' pronto.
2026-07-01 17:38:39 | INFO | HTTP Request: POST https://rxqiqknvlxjcojijfclh.supabase.co/rest/v1/transcription_results "HTTP/2 400 Bad Request"
2026-07-01 17:38:39 | ERROR | [Metrics] Falha ao sincronizar registro: {'message': "Could not find the 'model' column of 'transcription_results' in the schema cache", 'code': 'PGRST204', 'hint': None, 'details': None}
2026-07-01 17:38:39 | INFO | HTTP Request: POST https://rxqiqknvlxjcojijfclh.supabase.co/rest/v1/command_results "HTTP/2 400 Bad Request"
2026-07-01 17:38:39 | ERROR | [Metrics] Falha ao sincronizar registro: {'message': "Could not find the 'latency_ms' column of 'command_results' in the schema cache", 'code': 'PGRST204', 'hint': None, 'details': None}
2026-07-01 17:38:40 | INFO | HTTP Request: POST https://rxqiqknvlxjcojijfclh.supabase.co/rest/v1/command_results "HTTP/2 400 Bad Request"
2026-07-01 17:38:40 | ERROR | [Metrics] Falha ao sincronizar registro: {'message': "Could not find the 'latency_ms' column of 'command_results' in the schema cache", 'code': 'PGRST204', 'hint': None, 'details': None}
2026-07-01 17:38:40 | INFO | HTTP Request: POST https://rxqiqknvlxjcojijfclh.supabase.co/rest/v1/command_results "HTTP/2 400 Bad Request"
2026-07-01 17:38:40 | ERROR | [Metrics] Falha ao sincronizar registro: {'message': "Could not find the 'latency_ms' column of 'command_results' in the schema cache", 'code': 'PGRST204', 'hint': None, 'details': None}
2026-07-01 17:38:40 | INFO | HTTP Request: POST https://rxqiqknvlxjcojijfclh.supabase.co/rest/v1/command_results "HTTP/2 400 Bad Request"
2026-07-01 17:38:40 | ERROR | [Metrics] Falha ao sincronizar registro: {'message': "Could not find the 'latency_ms' column of 'command_results' in the schema cache", 'code': 'PGRST204', 'hint': None, 'details': None}
2026-07-01 17:38:40 | INFO | [Metrics] Sync: 0 enviados, 5 na fila.
2026-07-01 17:38:40 | INFO | Pre-warm concluído.
2026-07-01 17:40:52 | INFO | Assets path configured: /app/assets
2026-07-01 17:40:52 | INFO | Starting up UDS server on /tmp/jyWKvTc4AF
2026-07-01 17:40:52 | INFO | Flet app has started...
2026-07-01 17:40:52 | INFO | App URL: /tmp/jyWKvTc4AF
2026-07-01 17:40:52 | INFO | Starting Flet View app...
2026-07-01 17:40:52 | INFO | Flet View found in: /root/.flet/bin/flet-
2026-07-01 17:40:52 | INFO | App session started
2026-07-01 17:40:53 | WARNING | AppOpener unavailable (Windows-only). Using subprocess fallback for open/close.
2026-07-01 17:40:53 | INFO | Carregando modelo ASR [canary-v2]: small
2026-07-01 17:40:55 | INFO | HTTP Request: POST https://rxqiqknvlxjcojijfclh.supabase.co/rest/v1/sessions "HTTP/2 201 Created"
2026-07-01 17:40:55 | INFO | [Metrics] Sessão criada no Supabase: 88fb0300-4892-4469-b48e-3218da035718
2026-07-01 17:40:56 | INFO | HTTP Request: POST https://rxqiqknvlxjcojijfclh.supabase.co/rest/v1/transcription_results "HTTP/2 400 Bad Request"
2026-07-01 17:40:56 | ERROR | [Metrics] Falha ao sincronizar registro: {'message': "Could not find the 'model' column of 'transcription_results' in the schema cache", 'code': 'PGRST204', 'hint': None, 'details': None}
2026-07-01 17:40:57 | INFO | HTTP Request: POST https://rxqiqknvlxjcojijfclh.supabase.co/rest/v1/command_results "HTTP/2 400 Bad Request"
2026-07-01 17:40:57 | ERROR | [Metrics] Falha ao sincronizar registro: {'message': "Could not find the 'latency_ms' column of 'command_results' in the schema cache", 'code': 'PGRST204', 'hint': None, 'details': None}
2026-07-01 17:40:57 | INFO | HTTP Request: POST https://rxqiqknvlxjcojijfclh.supabase.co/rest/v1/command_results "HTTP/2 400 Bad Request"
2026-07-01 17:40:57 | ERROR | [Metrics] Falha ao sincronizar registro: {'message': "Could not find the 'latency_ms' column of 'command_results' in the schema cache", 'code': 'PGRST204', 'hint': None, 'details': None}
2026-07-01 17:40:57 | INFO | HTTP Request: POST https://rxqiqknvlxjcojijfclh.supabase.co/rest/v1/command_results "HTTP/2 400 Bad Request"
2026-07-01 17:40:57 | ERROR | [Metrics] Falha ao sincronizar registro: {'message': "Could not find the 'latency_ms' column of 'command_results' in the schema cache", 'code': 'PGRST204', 'hint': None, 'details': None}
2026-07-01 17:40:57 | INFO | HTTP Request: POST https://rxqiqknvlxjcojijfclh.supabase.co/rest/v1/command_results "HTTP/2 400 Bad Request"
2026-07-01 17:40:57 | ERROR | [Metrics] Falha ao sincronizar registro: {'message': "Could not find the 'latency_ms' column of 'command_results' in the schema cache", 'code': 'PGRST204', 'hint': None, 'details': None}
2026-07-01 17:40:57 | INFO | [Metrics] Sync: 0 enviados, 5 na fila.
2026-07-01 17:40:58 | INFO | HTTP Request: POST https://rxqiqknvlxjcojijfclh.supabase.co/rest/v1/sessions "HTTP/2 201 Created"
2026-07-01 17:40:58 | INFO | [Metrics] Sessão criada no Supabase: e5028ba4-b797-462b-beee-f1f8d43607f6
2026-07-01 17:40:58 | INFO | generated new fontManager
2026-07-01 17:40:58 | INFO | HTTP Request: POST https://rxqiqknvlxjcojijfclh.supabase.co/rest/v1/transcription_results "HTTP/2 400 Bad Request"
2026-07-01 17:40:58 | ERROR | [Metrics] Falha ao sincronizar registro: {'message': "Could not find the 'model' column of 'transcription_results' in the schema cache", 'code': 'PGRST204', 'hint': None, 'details': None}
2026-07-01 17:40:59 | ERROR | Falha ao carregar modelo 'canary-v2:small': operator torchvision::nms does not exist
2026-07-01 17:40:59 | INFO | HTTP Request: POST https://rxqiqknvlxjcojijfclh.supabase.co/rest/v1/command_results "HTTP/2 400 Bad Request"
2026-07-01 17:40:59 | ERROR | [Metrics] Falha ao sincronizar registro: {'message': "Could not find the 'latency_ms' column of 'command_results' in the schema cache", 'code': 'PGRST204', 'hint': None, 'details': None}
2026-07-01 17:40:59 | INFO | HTTP Request: POST https://rxqiqknvlxjcojijfclh.supabase.co/rest/v1/command_results "HTTP/2 400 Bad Request"
2026-07-01 17:40:59 | ERROR | [Metrics] Falha ao sincronizar registro: {'message': "Could not find the 'latency_ms' column of 'command_results' in the schema cache", 'code': 'PGRST204', 'hint': None, 'details': None}
2026-07-01 17:41:00 | INFO | HTTP Request: POST https://rxqiqknvlxjcojijfclh.supabase.co/rest/v1/command_results "HTTP/2 400 Bad Request"
2026-07-01 17:41:00 | ERROR | [Metrics] Falha ao sincronizar registro: {'message': "Could not find the 'latency_ms' column of 'command_results' in the schema cache", 'code': 'PGRST204', 'hint': None, 'details': None}
2026-07-01 17:41:00 | INFO | HTTP Request: POST https://rxqiqknvlxjcojijfclh.supabase.co/rest/v1/command_results "HTTP/2 400 Bad Request"
2026-07-01 17:41:00 | ERROR | [Metrics] Falha ao sincronizar registro: {'message': "Could not find the 'latency_ms' column of 'command_results' in the schema cache", 'code': 'PGRST204', 'hint': None, 'details': None}
2026-07-01 17:41:00 | INFO | [Metrics] Sync: 0 enviados, 5 na fila.
2026-07-01 17:41:00 | INFO | Pre-warm concluído.
2026-07-01 17:41:03 | INFO | HTTP Request: POST https://rxqiqknvlxjcojijfclh.supabase.co/rest/v1/sessions "HTTP/2 201 Created"
2026-07-01 17:41:03 | INFO | [Metrics] Sessão criada no Supabase: 9cbc8cfc-0e57-4464-b1e7-d4948cbd09da
2026-07-01 17:41:03 | INFO | HTTP Request: POST https://rxqiqknvlxjcojijfclh.supabase.co/rest/v1/transcription_results "HTTP/2 400 Bad Request"
2026-07-01 17:41:03 | ERROR | [Metrics] Falha ao sincronizar registro: {'message': "Could not find the 'model' column of 'transcription_results' in the schema cache", 'code': 'PGRST204', 'hint': None, 'details': None}
2026-07-01 17:41:03 | INFO | HTTP Request: POST https://rxqiqknvlxjcojijfclh.supabase.co/rest/v1/command_results "HTTP/2 400 Bad Request"
2026-07-01 17:41:03 | ERROR | [Metrics] Falha ao sincronizar registro: {'message': "Could not find the 'latency_ms' column of 'command_results' in the schema cache", 'code': 'PGRST204', 'hint': None, 'details': None}
2026-07-01 17:41:04 | INFO | HTTP Request: POST https://rxqiqknvlxjcojijfclh.supabase.co/rest/v1/command_results "HTTP/2 400 Bad Request"
2026-07-01 17:41:04 | ERROR | [Metrics] Falha ao sincronizar registro: {'message': "Could not find the 'latency_ms' column of 'command_results' in the schema cache", 'code': 'PGRST204', 'hint': None, 'details': None}
2026-07-01 17:41:04 | INFO | HTTP Request: POST https://rxqiqknvlxjcojijfclh.supabase.co/rest/v1/command_results "HTTP/2 400 Bad Request"
2026-07-01 17:41:04 | ERROR | [Metrics] Falha ao sincronizar registro: {'message': "Could not find the 'latency_ms' column of 'command_results' in the schema cache", 'code': 'PGRST204', 'hint': None, 'details': None}
2026-07-01 17:41:04 | INFO | HTTP Request: POST https://rxqiqknvlxjcojijfclh.supabase.co/rest/v1/command_results "HTTP/2 400 Bad Request"
2026-07-01 17:41:04 | ERROR | [Metrics] Falha ao sincronizar registro: {'message': "Could not find the 'latency_ms' column of 'command_results' in the schema cache", 'code': 'PGRST204', 'hint': None, 'details': None}
2026-07-01 17:41:04 | INFO | [Metrics] Sync: 0 enviados, 5 na fila.
2026-07-01 17:41:06 | INFO | Adjusted for ambient noise. Listening...
2026-07-01 17:41:08 | INFO | Listen end: <speech_recognition.audio.AudioData object at 0x7aaba63b2300>
2026-07-01 17:41:08 | ERROR | Error during recognition: Modelo 'canary-v2:small' não foi carregado corretamente.
